ESTATUS	ANIO	MES	TIPO	FRACCION	UMED	PAIS_O_D	ADUANA	MTRA	CANTIDAD	VAL_MNX	VAL_USD
Cifras Revisadas	2021	11	Importación	4016990100	Kg	JPN	24	7	8589.939	4012112	191317.97
Cifras Revisadas	2021	11	Importación	4016990100	Kg	JPN	64	4	0.01	6576	317.82
Cifras Revisadas	2021	11	Importación	4016990100	Kg	ITA	19	7	10.5	52058	2515.95
Cifras Revisadas	2021	11	Importación	4016990100	Kg	ITA	48	4	25.265	60288	2903.17
Cifras Revisadas	2021	11	Importación	4016990100	Kg	HUN	43	1	440	82177	4033.01
Cifras Revisadas	2021	11	Importación	4016990100	Kg	GBR	27	7	8.625	85742	4088.99
Cifras Revisadas	2021	11	Importación	4016990100	Kg	HUN	28	1	91.323	194942	9356.4
Cifras Revisadas	2021	11	Importación	4016999999	Kg	COL	47	4	1	44527	2163.42
Cifras Revisadas	2021	11	Importación	4016999999	Kg	ITA	19	7	33.11	55184	2610.88
Cifras Revisadas	2021	11	Importación	4016999999	Kg	ITA	11	1	806.4	1722605	84000.01
Cifras Revisadas	2021	11	Importación	4016999999	Kg	IND	51	1	185.991	26836	1296.57
Cifras Revisadas	2021	11	Importación	4016999999	Kg	HUN	80	7	0.984	3296	161.01
Cifras Revisadas	2021	11	Importación	4016999999	Kg	HUN	81	1	1875.27	549483	26702.77
Cifras Revisadas	2021	11	Importación	4016999999	Kg	GBR	17	7	20.7	7769	377.12
Cifras Revisadas	2021	11	Importación	4016999999	Kg	GBR	47	4	6.395	60629	2986.06
Cifras Revisadas	2021	11	Importación	4016999999	Kg	FRA	23	7	5.217	35807	1763
Cifras Revisadas	2021	11	Importación	4016999999	Kg	FIN	80	7	0.816	2711	124.25
Cifras Revisadas	2021	11	Importación	4016999999	Kg	ESP	48	7	550	138322	6805.01
Cifras Revisadas	2021	11	Importación	4016999999	Kg	DEU	17	7	1350.28	431116	20418.29
Cifras Revisadas	2021	11	Importación	4016999999	Kg	DEU	51	1	20.95	6112	288.19
Cifras Revisadas	2021	11	Importación	4016999999	Kg	ITA	34	7	5.114	19815	942.13
Cifras Revisadas	2021	11	Importación	4016999999	Kg	CHN	27	7	332.611	73940	3549.37
Cifras Revisadas	2021	11	Importación	4016999999	Kg	CHN	53	4	4.672	3340	163.28
Cifras Revisadas	2021	11	Importación	4016999999	Kg	CHN	40	4	4.99	4517	220.02
Cifras Revisadas	2021	11	Importación	4016999999	Kg	CHN	12	4	2.25	2439	118.8
Cifras Revisadas	2021	11	Importación	4016999999	Kg	CHL	47	4	150	35007	1710.56
Cifras Revisadas	2021	11	Importación	4016999999	Kg	AUS	19	7	2	6180	296.61
Cifras Revisadas	2021	11	Importación	4016999999	Kg	BGD	40	7	54.43	13501	647.99
Cifras Revisadas	2021	11	Importación	4016999999	Kg	CAN	48	4	0.122	2356	115.12
Cifras Revisadas	2021	11	Importación	4016999999	Kg	CAN	24	7	7433.867	1819682	87500.26
Cifras Revisadas	2021	11	Importación	4202120301	Pza	USA	17	7	140	145	6.99
Cifras Revisadas	2021	11	Importación	4202120301	Pza	VNM	33	7	72	723	35.26
Cifras Revisadas	2021	11	Importación	4202120301	Pza	THA	24	7	1	3561	170.97
Cifras Revisadas	2021	11	Importación	4202120302	Pza	CHN	33	7	21660	11253	534.48
Cifras Revisadas	2021	11	Importación	4202120302	Pza	USA	40	7	697	53802	2590.78
Cifras Revisadas	2021	11	Importación	4202120302	Pza	IND	81	1	20	3108	150.7
Cifras Revisadas	2021	11	Importación	4202120302	Pza	CHN	44	7	5	3000	143.96
Cifras Revisadas	2021	11	Importación	4202120302	Pza	MMR	73	7	4	11657	560.18
Cifras Revisadas	2021	11	Importación	4202120302	Pza	ESP	43	1	18	1865	91.13
Cifras Revisadas	2021	11	Importación	4202199900	Pza	CHN	24	7	644	91656	4452.17
Cifras Revisadas	2021	11	Importación	4202210100	Pza	CHN	51	1	804	778916	38011.32
Cifras Revisadas	2021	11	Importación	4202210100	Pza	IND	53	4	23	17346	840.29
Cifras Revisadas	2021	11	Importación	4202220301	Pza	CHN	28	1	767	33754	1646.9
Cifras Revisadas	2021	11	Importación	4202220301	Pza	CHN	23	7	1205	182639	8602.21
Cifras Revisadas	2021	11	Importación	4202920402	Pza	JPN	30	7	1	338	16.51
Cifras Revisadas	2021	11	Importación	4202920402	Pza	DNK	24	7	2	6371	307.91
Cifras Revisadas	2021	11	Importación	4202920402	Pza	IDN	40	7	62	24376	1172.66
Cifras Revisadas	2021	11	Importación	4202920402	Pza	THA	53	1	23	96177	4684.77
Cifras Revisadas	2021	11	Importación	4202920402	Pza	JPN	47	4	15	29554	1476.59
Cifras Revisadas	2021	11	Importación	6302310699	Pza	CHN	47	4	26	2530	124.74
Cifras Revisadas	2021	11	Importación	6302310699	Pza	CHN	30	7	17	7838	385.53
Cifras Revisadas	2021	11	Importación	6302310699	Pza	IND	40	7	29	12814	622.12
Cifras Revisadas	2021	11	Importación	6302320601	Pza	USA	52	4	35	56999	2659.08
Cifras Revisadas	2021	11	Importación	6302320602	Pza	CHN	53	1	510	71118	3473.14
Cifras Revisadas	2021	11	Importación	6302320602	Pza	CHN	47	4	2	82	3.99
Cifras Revisadas	2021	11	Importación	6302320602	Pza	USA	40	7	10	2202	105.72
Cifras Revisadas	2021	11	Importación	6302320604	Pza	CHN	11	1	4978	362339	17620.52
Cifras Revisadas	2021	11	Importación	6302320604	Pza	USA	40	7	168	26522	1265.17
Cifras Revisadas	2021	11	Importación	6302320607	Pza	CHN	73	7	35	6996	341.48
Cifras Revisadas	2021	11	Importación	6302320608	Pza	CHN	11	1	2400	205931	10026.05
Cifras Revisadas	2021	11	Importación	6302320608	Pza	CHN	73	7	116	37802	1825.82
Cifras Revisadas	2021	11	Importación	6302320699	Pza	CHN	11	1	19110	379182	18409.04
Cifras Revisadas	2021	11	Importación	6302320699	Pza	CHN	39	7	230	95722	4599.98
Cifras Revisadas	2021	11	Importación	6302510100	Pza	BGD	47	4	594	75159	3639.1
Cifras Revisadas	2021	11	Importación	6302510100	Pza	BGD	24	7	3168	13316	627.8
Cifras Revisadas	2021	11	Importación	6302510100	Pza	PAK	53	4	46	4807	232.72
Cifras Revisadas	2021	11	Importación	6302600601	Pza	USA	40	7	432	6871	335.66
Cifras Revisadas	2021	11	Importación	6302600601	Pza	IND	43	1	42336	508817	24319.51
Cifras Revisadas	2021	11	Importación	6302600602	Pza	BGD	43	1	3522	184572	9008.74
Cifras Revisadas	2021	11	Importación	6302600602	Pza	PAK	7	7	900	29949	1476.53
Cifras Revisadas	2021	11	Importación	6302600603	Pza	TUR	40	7	8	1158	55.96
Cifras Revisadas	2021	11	Importación	6302600603	Pza	CHN	24	7	24	5772	275.52
Cifras Revisadas	2021	11	Importación	6302600603	Pza	IND	40	7	1580	129394	6236.83
Cifras Revisadas	2021	11	Importación	6302600603	Pza	SLV	37	7	1578	239522	11524.22
Cifras Revisadas	2021	11	Importación	6302600699	Pza	BGD	24	7	1969	51733	2449.4
Cifras Revisadas	2021	11	Importación	6302910100	Pza	PRT	53	4	62	4520	219.98
Cifras Revisadas	2021	11	Importación	6302910100	Pza	TUR	73	7	21	6299	305.07
Cifras Revisadas	2021	11	Importación	6302910100	Pza	FIN	73	7	1	83	3.85
Cifras Revisadas	2021	11	Importación	6302930100	Pza	TWN	24	7	216	11386	551.78
Cifras Revisadas	2021	11	Importación	6303910100	Pza	ESP	47	4	18	40446	1948.9
Cifras Revisadas	2021	11	Importación	6303920201	Pza	ESP	7	7	171000	3538195	170999.99
Cifras Revisadas	2021	11	Importación	6303990100	Pza	EGY	47	4	211	66731	3196.51
Cifras Revisadas	2021	11	Importación	6303990100	Pza	CHN	73	7	9	2232	105.74
Cifras Revisadas	2021	11	Importación	6304199900	Pza	PAK	73	7	29	17667	853.45
Cifras Revisadas	2021	11	Importación	6304920100	Pza	TUR	47	4	98	8229	399.37
Cifras Revisadas	2021	11	Importación	6304920100	Pza	BGD	47	4	33	3427	167.45
Cifras Revisadas	2021	11	Importación	6304920100	Pza	TUR	40	7	135	30047	1440.43
Cifras Revisadas	2021	11	Importación	6304930100	Pza	CHN	16	1	123104	12415472	604392.13
Cifras Revisadas	2021	11	Importación	6304930100	Pza	ESP	47	4	10	2321	113.41
Cifras Revisadas	2021	11	Importación	6304990100	Pza	IND	53	4	24	5795	278.63
Cifras Revisadas	2021	11	Importación	6307100100	Kg	ZYA	43	1	1436.363	159718	7451.02
Cifras Revisadas	2021	11	Importación	6307200100	Kg	VNM	24	7	0.08	822	39.45
Cifras Revisadas	2021	11	Importación	6307200100	Kg	KHM	24	7	112.053	85773	4099.56
Cifras Revisadas	2021	11	Importación	6307200100	Kg	USA	23	7	1.08	1671	79.71
Cifras Revisadas	2021	11	Importación	630790	NA	USA	24	6	14.622	25148	1152.6
Cifras Revisadas	2021	11	Importación	6307900100	Pza	CHN	19	7	3700747	20086111	968036.62
Cifras Revisadas	2021	11	Importación	6307909900	Kg	USA	47	9	6	1607	77.99
Cifras Revisadas	2021	11	Importación	6307909900	Kg	USA	53	4	81.3	98200	4839.6
Cifras Revisadas	2021	11	Importación	6307909900	Kg	USA	52	4	17.6	13712	638.96
Cifras Revisadas	2021	11	Importación	6307909900	Kg	USA	28	4	2470.138	1644653	79274.95
Cifras Revisadas	2021	11	Importación	6307909900	Kg	SWE	7	7	226	8527	415.12
Cifras Revisadas	2021	11	Importación	6307909900	Kg	PHL	80	7	118.643	110029	5283.85
Cifras Revisadas	2021	11	Importación	6307909900	Kg	MYS	52	4	0.075	501	24.21
Cifras Revisadas	2021	11	Importación	6307909900	Kg	MMR	43	1	0.494	535	26.14
Cifras Revisadas	2021	11	Importación	6307909900	Kg	MAR	53	4	0.5	1934	95.35
Cifras Revisadas	2021	11	Importación	6307909900	Kg	HUN	53	1	32	18702	917.1
Cifras Revisadas	2021	11	Importación	6307909900	Kg	KHM	19	7	176.748	756716	36900.02
Cifras Revisadas	2021	11	Importación	6307909900	Kg	GBR	47	4	13.148	330990	16265.27
Cifras Revisadas	2021	11	Importación	6307909900	Kg	ESP	43	1	6204.963	1512549	73723.67
Cifras Revisadas	2021	11	Importación	6307909900	Kg	CHN	2	7	25.765	84186	4048.58
Cifras Revisadas	2021	11	Importación	6307909900	Kg	CHN	11	7	1477.697	385121	17966.33
Cifras Revisadas	2021	11	Importación	6307909900	Kg	CHN	27	7	16.302	27000	1315.88
Cifras Revisadas	2021	11	Importación	6307909900	Kg	DEU	52	4	0.81	722	35.75
Cifras Revisadas	2021	11	Importación	6307909900	Kg	DEU	73	7	0.32	565	27.13
Cifras Revisadas	2021	11	Importación	6310100201	Kg	CHN	40	7	1339.436	27733	1335.71
Cifras Revisadas	2021	11	Importación	6310100201	Kg	USA	40	7	420497.809	3275893	155754.55
Cifras Revisadas	2021	11	Importación	6310909999	Kg	USA	2	7	58176.89	477196	22575.99
Cifras Revisadas	2021	11	Importación	6401929902	Par	PRT	43	1	128	30643	1497.79
Cifras Revisadas	2021	11	Importación	6401929991	Par	ITA	43	1	455	97621	4760.25
Cifras Revisadas	2021	11	Importación	6401929993	Par	ESP	64	4	11	2472	119.06
Cifras Revisadas	2021	11	Importación	6401929993	Par	CHN	47	4	6	2092	101.68
Cifras Revisadas	2021	11	Importación	6401999904	Par	GTM	37	7	17040	519933	25048.22
Cifras Revisadas	2021	11	Importación	6402190100	Par	VNM	16	1	552	326933	15672.87
Cifras Revisadas	2021	11	Importación	6402199904	Par	KHM	51	1	211	66944	3107
Cifras Revisadas	2021	11	Importación	6402200402	Par	BRA	40	7	63	13628	663.82
Cifras Revisadas	2021	11	Importación	6402910601	Par	VNM	43	1	413	185029	8977.83
Cifras Revisadas	2021	11	Importación	6402910601	Par	USA	24	7	109	219384	10465.19
Cifras Revisadas	2021	11	Importación	6402910601	Par	CHN	19	7	3354	510798	23829.54
Cifras Revisadas	2021	11	Importación	6402910601	Par	VNM	64	4	118	44887	2194.87
Cifras Revisadas	2021	11	Importación	6402910603	Par	CHN	11	1	10914	1600017	78591.3
Cifras Revisadas	2021	11	Importación	6402999400	Par	CHN	7	7	744	58322	2808.42
Cifras Revisadas	2021	11	Importación	6402999400	Par	IDN	16	1	457	69813	3401.01
Cifras Revisadas	2021	11	Importación	6402999400	Par	VNM	47	4	359	67359	3244.53
Cifras Revisadas	2021	11	Importación	6403199902	Par	CHN	24	7	10	11819	569.24
Cifras Revisadas	2021	11	Importación	6403400501	Par	CHN	16	1	2400	679676	32735.28
Cifras Revisadas	2021	11	Importación	6403400501	Par	ESP	43	1	450	190491	9437.87
Cifras Revisadas	2021	11	Importación	6403510502	Par	THA	24	7	4	7164	350.29
Cifras Revisadas	2021	11	Importación	6403510503	Par	VNM	24	7	18	17688	851.38
Cifras Revisadas	2021	11	Importación	6403510504	Par	CHN	24	7	15	39320	1913.48
Cifras Revisadas	2021	11	Importación	6403510504	Par	ESP	47	4	30	17893	876.4
Cifras Revisadas	2021	11	Importación	6403510504	Par	USA	24	7	10	32494	1583.71
Cifras Revisadas	2021	11	Importación	6403599903	Par	ITA	48	4	31	190298	9201.18
Cifras Revisadas	2021	11	Importación	6403599992	Par	ITA	40	7	4	2524	120.04
Cifras Revisadas	2021	11	Importación	6403911201	Par	PRT	47	4	144	134605	6508.1
Cifras Revisadas	2021	11	Importación	6403911201	Par	VNM	24	7	21	36876	1806.41
Cifras Revisadas	2021	11	Importación	6403911301	Par	PRT	47	4	8	3356	162.26
Cifras Revisadas	2021	11	Importación	6403919901	Par	BGD	24	7	685	899815	43201.87
Cifras Revisadas	2021	11	Importación	6403919901	Par	BRA	24	7	301	710475	34693.98
Cifras Revisadas	2021	11	Importación	6403919901	Par	CHN	47	4	28	23690	1149.04
Cifras Revisadas	2021	11	Importación	6403919901	Par	CHN	64	4	2	1491	71.81
Cifras Revisadas	2021	11	Importación	6403919901	Par	IND	47	4	1641	1249683	60349.45
Cifras Revisadas	2021	11	Importación	6403919901	Par	LAO	47	4	1	1332	65.97
Cifras Revisadas	2021	11	Importación	6403919901	Par	TUR	47	4	6	4422	215.87
Cifras Revisadas	2021	11	Importación	6403919902	Par	ITA	43	1	4	9353	463.39
Cifras Revisadas	2021	11	Importación	6403919902	Par	IDN	24	7	34	41487	2016.55
Cifras Revisadas	2021	11	Importación	6403919902	Par	VNM	48	4	10	44990	2166.86
Cifras Revisadas	2021	11	Importación	6403919903	Par	CHN	47	4	91	47662	2321.81
Cifras Revisadas	2021	11	Importación	6403990100	Par	IND	24	7	15	18166	882.54
Cifras Revisadas	2021	11	Importación	6403990600	Par	IND	47	4	5	2425	117.94
Cifras Revisadas	2021	11	Importación	6403991200	Par	VNM	51	1	294	30864	1439.84
Cifras Revisadas	2021	11	Importación	6403991301	Par	IDN	51	1	29475	8832237	432058.16
Cifras Revisadas	2021	11	Importación	6403991302	Par	ITA	47	4	1134	6402615	311054.1
Cifras Revisadas	2021	11	Importación	6403991302	Par	CHN	16	1	9795	4076064	192202.9
Cifras Revisadas	2021	11	Importación	6403991401	Par	DEU	43	1	85	63763	3136.94
Cifras Revisadas	2021	11	Importación	6403991401	Par	USA	40	7	37	12560	612.62
Cifras Revisadas	2021	11	Importación	6403991402	Par	MAR	47	4	43	23948	1177.82
Cifras Revisadas	2021	11	Importación	6403991402	Par	ITA	47	4	504	3148990	152932.27
Cifras Revisadas	2021	11	Importación	6403991402	Par	CHN	64	4	148	51151	2492.5
Cifras Revisadas	2021	11	Importación	6403991402	Par	VNM	16	1	198	75487	3618.77
Cifras Revisadas	2021	11	Importación	6403991402	Par	IND	53	4	23	7905	380.87
Cifras Revisadas	2021	11	Importación	6403991402	Par	ESP	24	7	1	646	31.78
Cifras Revisadas	2021	11	Importación	6403991500	Par	ITA	47	4	97	240989	11708.37
Cifras Revisadas	2021	11	Importación	6403999901	Par	CHN	43	1	1307	1475594	71963.54
Cifras Revisadas	2021	11	Importación	6403999902	Par	CHN	47	4	1368	1106574	53611.8
Cifras Revisadas	2021	11	Importación	6403999902	Par	CHN	24	7	350	300010	14546.82
Cifras Revisadas	2021	11	Importación	6403999902	Par	IDN	24	7	350	229898	11197.53
Cifras Revisadas	2021	11	Importación	6403999902	Par	ITA	47	4	3245	18385446	898415.48
Cifras Revisadas	2021	11	Importación	6403999902	Par	KHM	16	1	177	40612	1980.38
Cifras Revisadas	2021	11	Importación	6403999902	Par	KHM	47	4	32	18756	913.01
Cifras Revisadas	2021	11	Importación	6403999902	Par	VNM	40	7	42	12902	619.13
Cifras Revisadas	2021	11	Importación	6404111201	Par	VNM	16	1	694	150941	7463.53
Cifras Revisadas	2021	11	Importación	6404111201	Par	IDN	16	1	16046	3845326	188135.28
Cifras Revisadas	2021	11	Importación	6404111202	Par	CHN	43	1	35	2688	129.67
Cifras Revisadas	2021	11	Importación	6404111202	Par	SRB	47	4	4	13840	676.27
Cifras Revisadas	2021	11	Importación	6404111202	Par	IND	51	1	9555	1829557	89510.8
Cifras Revisadas	2021	11	Importación	6404111602	Par	CHN	40	7	2869	616519	30077.67
Cifras Revisadas	2021	11	Importación	6404111701	Par	UKR	43	1	10	9897	476.67
Cifras Revisadas	2021	11	Importación	6404111701	Par	IND	43	1	666	234413	11454.22
Cifras Revisadas	2021	11	Importación	6404111701	Par	CHN	80	7	5328	1036094	49684.15
Cifras Revisadas	2021	11	Importación	6404111701	Par	BGD	43	1	3694	733092	35662.43
Cifras Revisadas	2021	11	Importación	6404111701	Par	VNM	47	4	1559	2085409	100675.28
Cifras Revisadas	2021	11	Importación	6404111701	Par	CHN	53	4	143	51124	2460.58
Cifras Revisadas	2021	11	Importación	6404111702	Par	IDN	24	7	120	105990	5171.97
Cifras Revisadas	2021	11	Importación	6404199901	Par	THA	40	7	10	3320	159.71
Cifras Revisadas	2021	11	Importación	6404199904	Par	CHN	24	7	21	16082	777.98
Cifras Revisadas	2021	11	Importación	6404199905	Par	KHM	16	1	237	51099	2437.56
Cifras Revisadas	2021	11	Importación	6404199907	Par	KHM	40	7	1	593	28.5
Cifras Revisadas	2021	11	Importación	6404199907	Par	CHN	11	1	1050	46592	2276.65
Cifras Revisadas	2021	11	Importación	6404199907	Par	CHN	53	4	25	4426	211.38
Cifras Revisadas	2021	11	Importación	6404199908	Par	KHM	24	7	1	653	32.13
Cifras Revisadas	2021	11	Importación	6404199910	Par	CHN	24	7	1	602	29.32
Cifras Revisadas	2021	11	Importación	6404199991	Par	TUR	53	4	3	882	42.76
Cifras Revisadas	2021	11	Importación	6404199992	Par	CHN	51	1	5484	979639	48103.38
Cifras Revisadas	2021	11	Importación	6404199992	Par	CHN	40	7	860	171283	8333.73
Cifras Revisadas	2021	11	Importación	6404199992	Par	CHN	11	1	36264	2733621	134285
Cifras Revisadas	2021	11	Importación	6404199992	Par	CHN	43	1	1130	151776	7465.46
Cifras Revisadas	2021	11	Importación	6404199992	Par	CHN	16	1	8102	621529	30430.09
Cifras Revisadas	2021	11	Importación	6404199993	Par	CHN	51	1	1761	166697	8149.25
Cifras Revisadas	2021	11	Importación	6404199994	Par	IDN	24	7	4	2138	105.18
Cifras Revisadas	2021	11	Importación	6404200199	Par	ITA	47	4	13	29717	1436.9
Cifras Revisadas	2021	11	Importación	6404200199	Par	ESP	47	4	5	1339	65.38
Cifras Revisadas	2021	11	Importación	6405209992	Par	USA	24	7	4	452	21.7
Cifras Revisadas	2021	11	Importación	6405209992	Par	CHN	43	1	114	17545	857.31
Cifras Revisadas	2021	11	Importación	6405909999	Par	VNM	24	7	217	181987	8750.68
Cifras Revisadas	2021	11	Importación	6406200100	Pza	CHN	48	4	5300	553906	27000.94
Cifras Revisadas	2021	11	Importación	6406200100	Pza	DEU	40	7	276	5666	276.02
Cifras Revisadas	2021	11	Importación	6406200100	Pza	USA	7	7	1174	111669	5414.66
Cifras Revisadas	2021	11	Importación	6406909900	Kg	CHN	23	7	4.8	1558	76.81
Cifras Revisadas	2021	11	Importación	6406909900	Kg	DEU	40	7	51	5745	280.01
Cifras Revisadas	2021	11	Importación	6504000100	Pza	HND	24	7	1	210	10.3
Cifras Revisadas	2021	11	Importación	6504000100	Pza	ECU	53	4	31	50200	2445.24
Cifras Revisadas	2021	11	Importación	6504000100	Pza	CHN	7	7	456	24222	1180.02
Cifras Revisadas	2021	11	Importación	6505000401	Pza	CHN	16	1	14508080	7570569	370575.27
Cifras Revisadas	2021	11	Importación	6505000402	Pza	CHN	47	4	89097	12013103	578954.33
Cifras Revisadas	2021	11	Importación	6505000402	Pza	HND	24	7	21	3961	192.59
Cifras Revisadas	2021	11	Importación	6505000402	Pza	TUR	47	4	1033	135412	6570.17
Cifras Revisadas	2021	11	Importación	6505000402	Pza	LAO	19	7	9	2221	108.5
Cifras Revisadas	2021	11	Importación	6505000402	Pza	LKA	24	7	4	3104	152.58
Cifras Revisadas	2021	11	Importación	6505000402	Pza	ITA	48	4	13	14894	730.75
Cifras Revisadas	2021	11	Importación	6505000402	Pza	TWN	16	1	450	69663	3437.72
Cifras Revisadas	2021	11	Importación	6505000403	Pza	CHN	28	1	2510	17812	876.34
Cifras Revisadas	2021	11	Importación	7007219902	Kg	TUR	40	7	32	5350	260
Cifras Revisadas	2021	11	Importación	7007219999	Kg	FIN	80	7	15.361	12752	616.3
Cifras Revisadas	2021	11	Importación	7007219999	Kg	FRA	24	7	10.6	27870	1361.49
Cifras Revisadas	2021	11	Importación	7013499904	Kg	TUR	43	1	2526.3	80692	3996.04
Cifras Revisadas	2021	11	Importación	7013499905	Kg	ITA	53	4	6.472	886	41.12
Cifras Revisadas	2021	11	Importación	7013499905	Kg	SVK	43	1	161	37872	1850.56
Cifras Revisadas	2021	11	Importación	7013499905	Kg	ESP	43	1	35.9	12600	615.68
Cifras Revisadas	2021	11	Importación	7013499906	Kg	USA	24	7	22.453	6747	330.86
Cifras Revisadas	2021	11	Importación	7013499991	Kg	DNK	43	1	243.8	114261	5503.16
Cifras Revisadas	2021	11	Importación	7013499999	Kg	USA	24	7	8471.456	774053	37291.03
Cifras Revisadas	2021	11	Importación	7013499999	Kg	USA	65	4	655.725	144129	7061.59
Cifras Revisadas	2021	11	Importación	7013499999	Kg	CHN	80	7	25.758	9358	442.91
Cifras Revisadas	2021	11	Importación	7013499999	Kg	FRA	43	1	192458.305	7102999	343480.76
Cifras Revisadas	2021	11	Importación	7013499999	Kg	CHN	43	1	2654.432	571692	27920.81
Cifras Revisadas	2021	11	Importación	7013910100	Kg	EGY	24	7	141.1	22493	1079.92
Cifras Revisadas	2021	11	Importación	7013910100	Kg	CHN	33	7	15	747	35.98
Cifras Revisadas	2021	11	Importación	7013999901	Kg	EGY	28	1	22.892	1435	69.79
Cifras Revisadas	2021	11	Importación	7013999902	Kg	IND	53	4	3.184	1415	68.11
Cifras Revisadas	2021	11	Importación	7013999903	Kg	CHN	51	1	9906	1448033	70735.92
Cifras Revisadas	2021	11	Importación	7013999904	Kg	IDN	40	7	63	852	41.92
Cifras Revisadas	2021	11	Importación	7013999904	Kg	POL	47	4	127.022	57976	2786.57
Cifras Revisadas	2021	11	Importación	7019909905	Kg	USA	7	7	808.007	781959	37192.47
Cifras Revisadas	2021	11	Importación	7019909999	Kg	DEU	30	7	19.3	88323	4345.43
Cifras Revisadas	2021	11	Importación	7019909999	Kg	FRA	30	7	3.628	10453	511.99
Cifras Revisadas	2021	11	Importación	7019909999	Kg	ISR	43	1	2.24	8259	403.56
Cifras Revisadas	2021	11	Importación	7019909999	Kg	ITA	7	7	48	7662	374.39
Cifras Revisadas	2021	11	Importación	7019909999	Kg	TWN	24	7	156	66528	3195
Cifras Revisadas	2021	11	Importación	7019909999	Kg	USA	19	7	16508.334	3221613	155024.72
Cifras Revisadas	2021	11	Importación	7019909999	Kg	VNM	16	1	1489.6	1484060	72288.43
Cifras Revisadas	2021	11	Importación	7019909999	Kg	CHN	24	7	13818.219	2820476	135283.62
Cifras Revisadas	2021	11	Importación	7019909999	Kg	CHN	80	7	690.071	83014	4018.89
Cifras Revisadas	2021	11	Importación	7019909999	Kg	CZE	81	1	3.9	41821	1971.69
Cifras Revisadas	2021	11	Importación	7019909999	Kg	DEU	7	7	693.24	6127	294.44
Cifras Revisadas	2021	11	Importación	7020000601	Kg	USA	24	7	4.24	5944	286.28
Cifras Revisadas	2021	11	Importación	7020000699	Kg	CHN	19	7	244.29	96222	4658.62
Cifras Revisadas	2021	11	Importación	7020000699	Kg	IND	16	1	4946	1029716	47791.07
Cifras Revisadas	2021	11	Importación	7020000699	Kg	CZE	28	4	9.2	69343	3339.77
Cifras Revisadas	2021	11	Importación	7020000699	Kg	DEU	47	4	90.821	269745	13114.89
Cifras Revisadas	2021	11	Importación	7020000699	Kg	ESP	52	4	0.1	13	0.64
Cifras Revisadas	2021	11	Importación	7020000699	Kg	CHN	28	1	10	1909	93.29
Cifras Revisadas	2021	11	Importación	7020000699	Kg	CHN	40	7	4588.577	1726367	84480.9
Cifras Revisadas	2021	11	Importación	7102399900	CARAT	BEL	48	4	166.24	1827445	88782.72
Cifras Revisadas	2021	11	Importación	7102399900	CARAT	CHN	52	4	3.064	368975	18393.75
Cifras Revisadas	2021	11	Importación	7103999900	CARAT	CHN	51	1	1065950	211576	10481.84
Cifras Revisadas	2021	11	Importación	7208380101	Kg	USA	24	6	218204.018	7839907	383207.76
Cifras Revisadas	2021	11	Importación	7208380101	Kg	KOR	11	1	736690	19241234	939950.97
Cifras Revisadas	2021	11	Importación	7208380199	Kg	CAN	24	6	78218.78	2249618	108723.42
Cifras Revisadas	2021	11	Importación	7208390101	Kg	USA	38	1	6475206.77	33518922	1647642.06
Cifras Revisadas	2021	11	Importación	7208400201	Kg	NZL	40	7	1002.5	19358	932.34
Cifras Revisadas	2021	11	Importación	7208400299	Kg	CHN	16	1	5356	133000	6640.7
Cifras Revisadas	2021	11	Importación	7208510401	Kg	USA	40	7	151448.993	3617728	171961.14
Cifras Revisadas	2021	11	Importación	7208510401	Kg	FRA	81	1	350848	8202494	403080.82
Cifras Revisadas	2021	11	Importación	7208510401	Kg	USA	44	7	61905.452	3512874	168853.65
Cifras Revisadas	2021	11	Importación	7208520100	Kg	BRA	27	7	21743.94	1961931	94120.87
Cifras Revisadas	2021	11	Importación	7208520100	Kg	KOR	81	1	350759	8376048	407907.53
Cifras Revisadas	2021	11	Importación	7208530100	Kg	ESP	43	1	5275.1	310983	15258.85
Cifras Revisadas	2021	11	Importación	7209150499	Kg	USA	19	7	4136.832	85401	4104
Cifras Revisadas	2021	11	Importación	7211299902	Kg	KOR	48	4	301	22686	1092.63
Cifras Revisadas	2021	11	Importación	7211909900	Kg	USA	17	7	134391.71	13074915	636213.52
Cifras Revisadas	2021	11	Importación	7214910391	Kg	USA	7	6	24614.15	742080	36508.01
Cifras Revisadas	2021	11	Importación	7214999901	Kg	CZE	19	7	42.184	2944	142.28
Cifras Revisadas	2021	11	Importación	7214999901	Kg	TUR	44	7	721.044	115836	5710.91
Cifras Revisadas	2021	11	Importación	7216910100	Kg	MYS	40	7	670.309	24256	1172.29
Cifras Revisadas	2021	11	Importación	7217100201	Kg	USA	40	7	9568.07	312373	15232.35
Cifras Revisadas	2021	11	Importación	7217100205	Kg	DEU	7	7	15	345939	16290.58
Cifras Revisadas	2021	11	Importación	7217100205	Kg	SWE	7	7	922	860632	41428.04
Cifras Revisadas	2021	11	Importación	7217100293	Kg	JPN	24	7	3580.02	589657	28970.41
Cifras Revisadas	2021	11	Importación	7217100293	Kg	JPN	80	7	57.6	12034	578.3
Cifras Revisadas	2021	11	Importación	7217100293	Kg	USA	17	7	1393.46	143325	6881.26
Cifras Revisadas	2021	11	Importación	7217200201	Kg	CHN	16	1	39603	1593271	78915.05
Cifras Revisadas	2021	11	Importación	7225500799	Kg	USA	23	7	22148.121	673385	32377.86
Cifras Revisadas	2021	11	Importación	7225500799	Kg	USA	38	1	470968	11230920	551568.4
Cifras Revisadas	2021	11	Importación	7225500799	Kg	USA	24	6	186995.441	5473881	267034.24
Cifras Revisadas	2021	11	Importación	7225500799	Kg	USA	27	6	65105	3617745	174157.86
Cifras Revisadas	2021	11	Importación	7225500799	Kg	USA	7	6	164856.384	7802451	367912.96
Cifras Revisadas	2021	11	Importación	7225500799	Kg	AUT	81	1	173780	6312013	310546.5
Cifras Revisadas	2021	11	Importación	7225920101	Kg	USA	17	7	133584.328	3985130	191379.26
Cifras Revisadas	2021	11	Importación	7225920199	Kg	TWN	64	9	125020	2704997	127529.83
Cifras Revisadas	2021	11	Importación	7225920199	Kg	USA	40	7	20708.237	794140	38380.57
Cifras Revisadas	2021	11	Importación	7225999901	Kg	USA	24	7	901894.636	33665364	1627116.55
Cifras Revisadas	2021	11	Importación	7304599999	Kg	ESP	24	7	2.72	14707	682.58
Cifras Revisadas	2021	11	Importación	7307299900	Kg	GBR	40	7	0.258	2044	98.1
Cifras Revisadas	2021	11	Importación	7307299900	Kg	ITA	24	7	594.734	671882	32869.95
Cifras Revisadas	2021	11	Importación	7307299900	Kg	ITA	30	7	876.742	152178	7467.3
Cifras Revisadas	2021	11	Importación	7307299900	Kg	KOR	47	4	191.682	439249	21157.42
Cifras Revisadas	2021	11	Importación	7307299900	Kg	KOR	30	7	6445.7	235174	11441.25
Cifras Revisadas	2021	11	Importación	7307299900	Kg	SGP	23	7	0.454	3692	177.82
Cifras Revisadas	2021	11	Importación	7307299900	Kg	FRA	40	7	340	467606	22940.08
Cifras Revisadas	2021	11	Importación	7307299900	Kg	POL	43	1	60	5429	267.1
Cifras Revisadas	2021	11	Importación	7307299900	Kg	VNM	24	7	175.254	101392	4892.18
Cifras Revisadas	2021	11	Importación	7307299900	Kg	TWN	30	7	597	34089	1650.49
Cifras Revisadas	2021	11	Importación	7307299900	Kg	USA	19	7	1089.564	1451661	68530.12
Cifras Revisadas	2021	11	Importación	7307910100	Kg	CAN	30	7	49.72	48479	2364
Cifras Revisadas	2021	11	Importación	7307910100	Kg	CHN	23	7	28.1	21531	1039.11
Cifras Revisadas	2021	11	Exportación	7602000299	Kg	USA	40	7	1162109.051	28467379	1364685.08
Cifras Revisadas	2021	11	Exportación	7604100200	Kg	USA	40	7	1616.024	245381	11791.67
Cifras Revisadas	2021	11	Exportación	7604290200	Kg	CHN	52	4	73	18936	912.02
Cifras Revisadas	2021	11	Exportación	7604290200	Kg	HND	37	7	1280.06	151309	7393.48
Cifras Revisadas	2021	11	Exportación	7604290200	Kg	PRI	64	4	13	2587	126.01
Cifras Revisadas	2021	11	Exportación	7607110100	Kg	USA	30	7	898.128	579240	27631.28
Cifras Revisadas	2021	11	Exportación	7607199900	Kg	BRA	47	4	28	3000	143.99
Cifras Revisadas	2021	11	Exportación	7607199900	Kg	ECU	47	4	60	30501	1438
Cifras Revisadas	2021	11	Importación	7907000299	Kg	CHN	11	1	888	120894	5946.23
Cifras Revisadas	2021	11	Importación	7907000299	Kg	CHN	64	4	0.49	456	22.24
Cifras Revisadas	2021	11	Importación	7907000299	Kg	CHN	30	7	31.859	4384	213.55
Cifras Revisadas	2021	11	Importación	7907000299	Kg	TWN	27	7	63.5	9843	479.98
Cifras Revisadas	2021	11	Importación	7907000299	Kg	DEU	47	4	67.389	35871	1772.45
Cifras Revisadas	2021	11	Importación	7907000299	Kg	TWN	7	7	1985.507	585213	28218.23
Cifras Revisadas	2021	11	Importación	7907000299	Kg	CHN	73	7	16.84	9226	439.61
Cifras Revisadas	2021	11	Importación	8111000299	Kg	CHN	16	1	24000	2722310	133008.42
Cifras Revisadas	2021	11	Importación	8113000201	Kg	DEU	30	7	1	4756	233.99
Cifras Revisadas	2021	11	Importación	8201100200	Pza	CHN	40	7	2027	169365	8241.42
Cifras Revisadas	2021	11	Importación	8201100200	Pza	CHN	80	7	22	6498	318.76
Cifras Revisadas	2021	11	Importación	8201100200	Pza	USA	30	7	4	3238	156.56
Cifras Revisadas	2021	11	Importación	8201300201	Pza	BRA	43	1	990	57837	2820.69
Cifras Revisadas	2021	11	Importación	8201300201	Pza	TWN	24	7	72	22290	1080.77
Cifras Revisadas	2021	11	Importación	8201300201	Pza	VNM	24	7	6	317	15.37
Cifras Revisadas	2021	11	Importación	8201300299	Pza	USA	17	7	5	1724	80.01
Cifras Revisadas	2021	11	Importación	8201400100	Pza	COL	81	1	34032	1458180	70702.38
Cifras Revisadas	2021	11	Importación	8201400100	Pza	BRA	43	1	310	34534	1683.99
Cifras Revisadas	2021	11	Importación	8201500100	Pza	TWN	40	7	905	110161	5377.4
Cifras Revisadas	2021	11	Importación	8201500100	Pza	USA	19	7	672	132556	6340.82
Cifras Revisadas	2021	11	Importación	8201500100	Pza	USA	24	7	20038	74532	3631.42
Cifras Revisadas	2021	11	Importación	8201500100	Pza	USA	40	7	160	107431	4993.38
Cifras Revisadas	2021	11	Importación	8201600100	Pza	CHN	73	7	17	3019	148.77
Cifras Revisadas	2021	11	Exportación	8201909901	Pza	ECU	51	1	240	49528	2374.33
Cifras Revisadas	2021	11	Exportación	8201909999	Pza	ECU	51	1	3584	231835	11177.32
Cifras Revisadas	2021	11	Importación	8201909999	Pza	VNM	28	1	4	118	5.77
Cifras Revisadas	2021	11	Importación	8202100100	Kg	USA	40	7	22	23815	1157.87
Cifras Revisadas	2021	11	Importación	8202100100	Kg	KOR	73	7	6.4	2734	133.01
Cifras Revisadas	2021	11	Importación	8202100100	Kg	ESP	43	1	55.4	24010	1173.21
Cifras Revisadas	2021	11	Exportación	8202100100	Kg	CRI	37	7	1269.97	233661	11393.2
Cifras Revisadas	2021	11	Exportación	8202100100	Kg	HTI	43	1	117.391	20527	986.44
Cifras Revisadas	2021	11	Exportación	8202100100	Kg	SLV	37	7	446.34	90654	4364.85
Cifras Revisadas	2021	11	Importación	8202100400	Kg	CHN	23	7	12.49	3203	153.59
Cifras Revisadas	2021	11	Exportación	8202100400	Kg	CRI	43	1	57.907	8718	428.92
Cifras Revisadas	2021	11	Exportación	8202100400	Kg	NIC	37	7	548.162	52959	2552.87
Cifras Revisadas	2021	11	Exportación	8202100400	Kg	PRY	43	1	235.738	21955	1072.6
Cifras Revisadas	2021	11	Importación	8202100400	Kg	TWN	7	7	1.714	634	30.64
Cifras Revisadas	2021	11	Importación	8202109900	Kg	USA	24	7	52.241	13146	635.69
Cifras Revisadas	2021	11	Importación	8202109900	Kg	USA	40	7	49.87	11262	538.89
Cifras Revisadas	2021	11	Importación	8202200100	Kg	USA	19	7	1769.693	530906	25840.01
Cifras Revisadas	2021	11	Importación	8202200100	Kg	USA	39	7	3	5239	253.2
Cifras Revisadas	2021	11	Importación	8202200100	Kg	TWN	30	7	35	13860	666.05
Cifras Revisadas	2021	11	Importación	8202200100	Kg	TWN	23	7	49.362	67650	3300.01
Cifras Revisadas	2021	11	Importación	8202200100	Kg	DEU	17	7	608.844	261036	12633.88
Cifras Revisadas	2021	11	Importación	8202310100	Kg	JPN	51	1	9.419	18279	905.4
Cifras Revisadas	2021	11	Importación	8202310100	Kg	ITA	80	7	5.71	5961	288.88
Cifras Revisadas	2021	11	Importación	8202310100	Kg	USA	52	4	1.33	42422	2033.67
Cifras Revisadas	2021	11	Importación	8202310100	Kg	DEU	17	7	6.25	10194	498.67
Cifras Revisadas	2021	11	Importación	8202319900	Kg	CHN	23	7	11.79	5040	231
Cifras Revisadas	2021	11	Importación	8202319900	Kg	ITA	47	4	1.008	1189	58.08
Cifras Revisadas	2021	11	Importación	8202390100	Kg	USA	7	7	91.404	265071	12759.14
Cifras Revisadas	2021	11	Importación	8202390100	Kg	DEU	40	7	107.851	117975	5669.04
Cifras Revisadas	2021	11	Importación	8202390200	Kg	CHN	39	7	3.67	1707	82.35
Cifras Revisadas	2021	11	Importación	8202390200	Kg	CHN	51	1	14221.05	4515471	219868.85
Cifras Revisadas	2021	11	Importación	8202390200	Kg	CHN	65	4	22.56	26589	1289.21
Cifras Revisadas	2021	11	Importación	8203109999	Pza	PRT	47	4	24	3968	192.58
Cifras Revisadas	2021	11	Importación	8203109999	Pza	POL	19	7	12	1230	59.98
Cifras Revisadas	2021	11	Importación	8203109999	Pza	KOR	11	1	100	15549	721.66
Cifras Revisadas	2021	11	Importación	8203200100	Kg	USA	24	6	0.129	226	11.12
Cifras Revisadas	2021	11	Importación	8203200100	Kg	PAK	7	7	0.041	273	13.34
Cifras Revisadas	2021	11	Importación	8203200100	Kg	CZE	19	7	2	148	7.23
Cifras Revisadas	2021	11	Importación	8203209900	Pza	CHE	80	7	37	13897	669.87
Cifras Revisadas	2021	11	Importación	8203209900	Pza	USA	47	4	48	93643	4524.03
Cifras Revisadas	2021	11	Importación	8203209900	Pza	TWN	39	7	7	3446	165.35
Cifras Revisadas	2021	11	Importación	8203209900	Pza	TWN	16	1	73819	4842365	237072
Cifras Revisadas	2021	11	Importación	8203209900	Pza	SWE	40	7	52	63354	3086.93
Cifras Revisadas	2021	11	Importación	8203209900	Pza	SWE	47	4	98	114497	5537.33
Cifras Revisadas	2021	11	Importación	8203209900	Pza	ARG	24	7	4	2222	109.55
Cifras Revisadas	2021	11	Importación	8203209900	Pza	AUT	47	4	6	2184	104.96
Cifras Revisadas	2021	11	Importación	8203209900	Pza	CHE	39	7	299	386281	18693.01
Cifras Revisadas	2021	11	Importación	8203209900	Pza	VNM	17	7	131	42710	2059.32
Cifras Revisadas	2021	11	Importación	8203209900	Pza	CHN	24	7	19117	1391583	67358.21
Cifras Revisadas	2021	11	Importación	8203209900	Pza	CHN	27	7	170	47919	2304.28
Cifras Revisadas	2021	11	Importación	8203209900	Pza	DEU	65	4	694	241367	11943.5
Cifras Revisadas	2021	11	Importación	8203209900	Pza	DEU	2	7	9	61909	2878.06
Cifras Revisadas	2021	11	Importación	8203209900	Pza	DEU	27	7	10	5190	240.88
Cifras Revisadas	2021	11	Importación	8203209900	Pza	FRA	30	7	4	9830	468.9
Cifras Revisadas	2021	11	Importación	8203209900	Pza	GBR	30	7	3	1474	72.01
Cifras Revisadas	2021	11	Importación	8203209900	Pza	ITA	52	4	4	515	25.51
Cifras Revisadas	2021	11	Importación	8203209900	Pza	PAK	39	7	44	14185	682.96
Cifras Revisadas	2021	11	Importación	8203300100	Pza	DEU	43	1	3	4527	222.94
Cifras Revisadas	2021	11	Importación	8203300100	Pza	DEU	48	4	11	22853	1095.86
Cifras Revisadas	2021	11	Importación	8203300100	Pza	TWN	80	7	432	52048	2531.33
Cifras Revisadas	2021	11	Importación	8203400300	Pza	DEU	47	4	35	28656	1408.72
Cifras Revisadas	2021	11	Importación	8203409901	Pza	FRA	24	7	6	6518	298.74
Cifras Revisadas	2021	11	Importación	8203409901	Pza	USA	80	7	15	7088	346.65
Cifras Revisadas	2021	11	Importación	8204110100	Kg	CHN	81	1	65	1013	49.99
Cifras Revisadas	2021	11	Importación	8204110100	Kg	CHN	48	4	30.119	3107	147.87
Cifras Revisadas	2021	11	Importación	8204110100	Kg	USA	64	4	1.57	17476	834.96
Cifras Revisadas	2021	11	Importación	8204110100	Kg	TWN	65	4	0.78	1603	78.17
Cifras Revisadas	2021	11	Importación	8204110100	Kg	ITA	40	7	1	1425	68.39
Cifras Revisadas	2021	11	Importación	8204110100	Kg	ITA	64	4	1.17	5829	286.78
Cifras Revisadas	2021	11	Importación	8204110100	Kg	GBR	30	7	1.5	5091	250.46
Cifras Revisadas	2021	11	Importación	8204110100	Kg	DEU	19	7	1.656	3736	179.53
Cifras Revisadas	2021	11	Importación	8204110100	Kg	CHN	7	7	16.622	9959	473.29
Cifras Revisadas	2021	11	Importación	8204110100	Kg	CHN	40	7	192.462	55127	2571.95
Cifras Revisadas	2021	11	Importación	8204110200	Kg	KOR	16	1	3.9	12911	623.99
Cifras Revisadas	2021	11	Importación	8204110200	Kg	CHN	47	4	10.86	1972	97.66
Cifras Revisadas	2021	11	Importación	8204119900	Kg	ARG	47	4	59.2	20622	999.07
Cifras Revisadas	2021	11	Importación	8204209900	Kg	CHN	17	7	10.954	4957	239.64
Cifras Revisadas	2021	11	Importación	8204209900	Kg	TWN	52	4	15.342	4382	216.66
Cifras Revisadas	2021	11	Importación	8204209900	Kg	JPN	40	7	39.721	274696	13165.6
Cifras Revisadas	2021	11	Importación	8204209900	Kg	TWN	30	7	605.472	248956	12051.58
Cifras Revisadas	2021	11	Importación	8205100100	Pza	IND	30	7	2	617	29.62
Cifras Revisadas	2021	11	Importación	8205100100	Pza	KOR	51	1	1	1679	82.04
Cifras Revisadas	2021	11	Importación	8205109901	Pza	KOR	51	1	5	520	25.64
Cifras Revisadas	2021	11	Importación	8205109901	Pza	USA	47	4	3	2728	127.26
Cifras Revisadas	2021	11	Importación	8205109901	Pza	USA	40	7	38	27059	1273.57
Cifras Revisadas	2021	11	Importación	8205109999	Pza	POL	30	7	5	3317	159.4
Cifras Revisadas	2021	11	Importación	8205109999	Pza	IND	24	7	3	4920	239.65
Cifras Revisadas	2021	11	Importación	8205200100	Pza	TWN	30	7	16	5326	259.63
Cifras Revisadas	2021	11	Importación	8205200100	Pza	BRA	81	1	11	1903	92.27
Cifras Revisadas	2021	11	Importación	8205200100	Pza	USA	17	7	230	157252	7587.09
Cifras Revisadas	2021	11	Importación	8205200100	Pza	USA	27	7	56	64326	3125.65
Cifras Revisadas	2021	11	Importación	8205200100	Pza	GBR	80	7	4	1750	86.1
Cifras Revisadas	2021	11	Importación	8205200100	Pza	USA	2	7	7	2717	132.55
Cifras Revisadas	2021	11	Importación	8205309900	Pza	CHN	80	7	2	351	16.37
Cifras Revisadas	2021	11	Importación	8205400100	Pza	DEU	24	7	11	7203	346.17
Cifras Revisadas	2021	11	Importación	8205400100	Pza	JPN	40	7	2	12318	600.01
Cifras Revisadas	2021	11	Importación	8205400100	Pza	TWN	19	7	117	34589	1687.9
Cifras Revisadas	2021	11	Importación	8205409900	Pza	VNM	17	7	3	569	27.75
Cifras Revisadas	2021	11	Importación	8205409900	Pza	VNM	43	1	17	244	11.73
Cifras Revisadas	2021	11	Importación	8205409900	Pza	USA	24	7	12536	989347	47786.63
Cifras Revisadas	2021	11	Importación	8205409900	Pza	TWN	7	7	14630	375273	18139.12
Cifras Revisadas	2021	11	Importación	8205409900	Pza	POL	23	7	77	6553	318.73
Cifras Revisadas	2021	11	Importación	8205409900	Pza	POL	7	7	249	23644	1152.19
Cifras Revisadas	2021	11	Importación	8205409900	Pza	JPN	27	7	28	754	34.99
Cifras Revisadas	2021	11	Importación	8205409900	Pza	ESP	52	4	3	441	20.91
Cifras Revisadas	2021	11	Importación	8205409900	Pza	ESP	47	4	90	7341	344.22
Cifras Revisadas	2021	11	Importación	8205409900	Pza	DEU	19	7	43	8161	395.07
Cifras Revisadas	2021	11	Importación	8205409900	Pza	DEU	48	4	137	62604	3028.84
Cifras Revisadas	2021	11	Importación	8205409900	Pza	CZE	80	7	113	51233	2442.68
Cifras Revisadas	2021	11	Importación	8205409900	Pza	CZE	24	7	204	65823	3225.83
Cifras Revisadas	2021	11	Importación	8205409900	Pza	CHN	19	7	11544	216717	10669.19
Cifras Revisadas	2021	11	Importación	8205409900	Pza	CHN	47	4	1667	24901	1223.02
Cifras Revisadas	2021	11	Importación	8205409900	Pza	BRA	43	1	444	4311	210.22
Cifras Revisadas	2021	11	Importación	8205409900	Pza	USA	40	7	7713	397077	19210.64
Cifras Revisadas	2021	11	Importación	8205510200	Pza	TWN	39	7	7	925	44.73
Cifras Revisadas	2021	11	Importación	8205510200	Pza	CHN	19	7	1	2238	109.01
Cifras Revisadas	2021	11	Importación	8205519901	Pza	CHE	19	7	24	4520	220.81
Cifras Revisadas	2021	11	Importación	8205519901	Pza	CHN	51	1	14436	315788	15543.72
Cifras Revisadas	2021	11	Importación	8205519901	Pza	GBR	24	7	12	18938	893.74
Cifras Revisadas	2021	11	Importación	8205519999	Pza	USA	40	7	617	42059	2027.65
Cifras Revisadas	2021	11	Importación	8205519999	Pza	CHN	20	1	12000	8116	390.02
Cifras Revisadas	2021	11	Importación	8205519999	Pza	CHN	28	4	18	2320	114.14
Cifras Revisadas	2021	11	Importación	8205519999	Pza	DEU	80	7	6	602	29.41
Cifras Revisadas	2021	11	Importación	8205590800	Pza	TWN	40	7	14	9709	469
Cifras Revisadas	2021	11	Importación	8205590800	Pza	CHN	28	1	22	903	44.16
Cifras Revisadas	2021	11	Importación	8205590800	Pza	TWN	43	1	2	1552	76.89
Cifras Revisadas	2021	11	Importación	8205590900	Pza	DEU	40	7	1	687	32.93
Cifras Revisadas	2021	11	Importación	8205591000	Pza	CHN	80	7	129	7649	374.63
Cifras Revisadas	2021	11	Importación	8205591000	Pza	DEU	7	7	4	78	3.77
Cifras Revisadas	2021	11	Importación	8205591000	Pza	USA	19	7	1	955	46.57
Cifras Revisadas	2021	11	Importación	8205591000	Pza	CHN	39	7	3	2557	119.63
Cifras Revisadas	2021	11	Exportación	8205599906	Pza	USA	24	7	48	2587	124.01
Cifras Revisadas	2021	11	Importación	8205599999	Pza	BRA	47	4	25	26514	1278.16
Cifras Revisadas	2021	11	Importación	8205599999	Pza	CHE	81	1	23	148571	7247.58
Cifras Revisadas	2021	11	Importación	8205599999	Pza	CHE	30	7	3	10562	498.86
Cifras Revisadas	2021	11	Importación	8205599999	Pza	CHN	52	4	81	7936	391.57
Cifras Revisadas	2021	11	Importación	8205599999	Pza	CHN	2	7	1	2662	130.96
Cifras Revisadas	2021	11	Importación	8205599999	Pza	CHN	40	7	60397	1048050	50345.65
Cifras Revisadas	2021	11	Importación	8205599999	Pza	CZE	23	7	5	6169	300.48
Cifras Revisadas	2021	11	Importación	8205599999	Pza	DEU	47	4	1230	873662	42162.61
Cifras Revisadas	2021	11	Importación	8205599999	Pza	FIN	47	4	5	13400	645.5
Cifras Revisadas	2021	11	Importación	8205599999	Pza	FRA	28	1	6	714	35.36
Cifras Revisadas	2021	11	Importación	8205599999	Pza	GBR	40	4	1	1829	88.68
Cifras Revisadas	2021	11	Importación	8205599999	Pza	GBR	17	7	6	276199	13256.42
Cifras Revisadas	2021	11	Importación	8205599999	Pza	IND	30	7	260	42066	2012.8
Cifras Revisadas	2021	11	Importación	8205599999	Pza	USA	80	7	3436	1574321	76596.84
Cifras Revisadas	2021	11	Importación	8205599999	Pza	ITA	27	7	6	3124	149.99
Cifras Revisadas	2021	11	Importación	8205599999	Pza	JPN	19	7	58	7178	343.35
Cifras Revisadas	2021	11	Importación	8205599999	Pza	KHM	40	7	19	1359	66.86
Cifras Revisadas	2021	11	Importación	8205599999	Pza	SWE	19	7	1	7982	384.44
Cifras Revisadas	2021	11	Importación	8205599999	Pza	THA	40	7	17	1718	83.29
Cifras Revisadas	2021	11	Importación	8205599999	Pza	UKR	19	7	1	1676	80.47
Cifras Revisadas	2021	11	Exportación	8205599999	Pza	NIC	37	7	7623	444063	20870.9
Cifras Revisadas	2021	11	Importación	8205700300	Pza	CHE	65	4	52	499121	24728.91
Cifras Revisadas	2021	11	Importación	8205709901	Pza	IND	24	7	14	8312	399.65
Cifras Revisadas	2021	11	Importación	8205709901	Pza	USA	19	7	518	171789	8258.74
Cifras Revisadas	2021	11	Exportación	8205709901	Pza	COL	43	1	90	76165	3747.27
Cifras Revisadas	2021	11	Exportación	8205709901	Pza	ECU	16	1	20	26705	1309.01
Cifras Revisadas	2021	11	Exportación	8205709901	Pza	PRI	43	1	5	1738	82.91
Cifras Revisadas	2021	11	Importación	8205709901	Pza	IND	33	7	2	1666	79.98
Cifras Revisadas	2021	11	Importación	8205709902	Pza	GBR	47	4	15	20777	991.12
Cifras Revisadas	2021	11	Importación	8205709902	Pza	USA	48	4	25	27931	1359.63
Cifras Revisadas	2021	11	Importación	8205709902	Pza	USA	80	7	1548	1154682	55897.85
Cifras Revisadas	2021	11	Importación	8205709902	Pza	CHN	40	7	91	30347	1468.23
Cifras Revisadas	2021	11	Importación	8205709999	Pza	USA	30	7	52	12528	617.19
Cifras Revisadas	2021	11	Importación	8205709999	Pza	USA	52	4	8	3426	159.01
Cifras Revisadas	2021	11	Importación	8205709999	Pza	FRA	47	4	14	79226	3835.59
Cifras Revisadas	2021	11	Importación	8205900500	Pza	USA	7	7	36	2804	136.58
Cifras Revisadas	2021	11	Importación	8205900500	Pza	CHN	40	7	10	18558	896.9
Cifras Revisadas	2021	11	Importación	8205900500	Pza	ESP	47	4	32	3438	166.26
Cifras Revisadas	2021	11	Importación	8206000100	Kg	CHE	43	1	1398.405	3514653	172918.4
Cifras Revisadas	2021	11	Importación	8206000100	Kg	CHN	19	7	74.6	15848	762.52
Cifras Revisadas	2021	11	Importación	8206000100	Kg	CHN	30	7	87.922	51480	2485.78
Cifras Revisadas	2021	11	Importación	8206000100	Kg	CHN	40	7	1263.429	201908	9816.96
Cifras Revisadas	2021	11	Importación	8209000100	Kg	JPN	80	7	3.409	52485	2459.19
Cifras Revisadas	2021	11	Importación	8209000100	Kg	ISR	17	7	115.212	848580	40292.04
Cifras Revisadas	2021	11	Importación	8209000100	Kg	ESP	48	4	0.2	74370	3626.53
Cifras Revisadas	2021	11	Importación	8209000100	Kg	KOR	17	7	9.219	170269	8227.5
Cifras Revisadas	2021	11	Importación	8211910100	Pza	CHN	47	4	206	7024	331.22
Cifras Revisadas	2021	11	Importación	8211910100	Pza	THA	24	7	6	3000	137.5
Cifras Revisadas	2021	11	Importación	8211910100	Pza	ESP	43	1	6501	108147	5295.45
Cifras Revisadas	2021	11	Importación	8211910100	Pza	CHN	30	7	298	7785	374.25
Cifras Revisadas	2021	11	Importación	8211920100	Pza	DEU	7	7	12	7000	345.11
Cifras Revisadas	2021	11	Importación	8211920100	Pza	BRA	43	1	120	19110	927.49
Cifras Revisadas	2021	11	Importación	8211929900	Kg	CHN	48	4	10.277	649	32.11
Cifras Revisadas	2021	11	Importación	8211929900	Kg	TWN	7	7	17	12684	608.32
Cifras Revisadas	2021	11	Importación	8211929900	Kg	USA	19	7	235.8	302688	14516.41
Cifras Revisadas	2021	11	Importación	8211929900	Kg	USA	17	7	90.27	170966	8381.81
Cifras Revisadas	2021	11	Importación	8211929900	Kg	USA	7	7	74.501	130661	6333.14
Cifras Revisadas	2021	11	Importación	8211929900	Kg	TWN	24	7	90.814	106438	5152.13
Cifras Revisadas	2021	11	Importación	8211929900	Kg	SWE	47	4	1.5	193	9.37
Cifras Revisadas	2021	11	Importación	8211929900	Kg	JPN	40	7	25.566	34796	1669.81
Cifras Revisadas	2021	11	Importación	8211929900	Kg	JPN	19	7	10	8673	413.49
Cifras Revisadas	2021	11	Importación	8211929900	Kg	ISR	7	7	0.544	1460	69.99
Cifras Revisadas	2021	11	Importación	8211929900	Kg	DEU	80	7	0.299	965	47.8
Cifras Revisadas	2021	11	Importación	8211929900	Kg	DEU	53	1	7	17234	839.47
Cifras Revisadas	2021	11	Importación	8211929900	Kg	CHN	73	7	165.9	72826	3469.34
Cifras Revisadas	2021	11	Importación	8211930100	Pza	THA	17	7	1	307	14.75
Cifras Revisadas	2021	11	Importación	8211930100	Pza	USA	28	1	6	236	11.53
Cifras Revisadas	2021	11	Importación	8211930100	Pza	CHN	33	7	5	267	13.01
Cifras Revisadas	2021	11	Importación	8211930100	Pza	DEU	19	7	126	38152	1792.34
Cifras Revisadas	2021	11	Importación	8211930100	Pza	BRA	43	1	1536	41436	2044.74
Cifras Revisadas	2021	11	Importación	8211940100	Pza	USA	30	7	18823	196275	9450.07
Cifras Revisadas	2021	11	Importación	8211940100	Pza	GBR	7	7	20	375	18
Cifras Revisadas	2021	11	Importación	8211940100	Pza	DEU	30	7	4121	45995	2234.75
Cifras Revisadas	2021	11	Importación	8211940100	Pza	KOR	40	7	200	323	15.78
Cifras Revisadas	2021	11	Importación	8211940100	Pza	CHN	80	7	243	11059	533.48
Cifras Revisadas	2021	11	Importación	8212109900	Pza	USA	47	9	1	144	6.99
Cifras Revisadas	2021	11	Importación	8212109900	Pza	GBR	24	7	15	7141	345.91
Cifras Revisadas	2021	11	Importación	8212109900	Pza	CHN	11	1	9624	6650	324.94
Cifras Revisadas	2021	11	Importación	8212109900	Pza	CHN	33	7	2010	7324	347.89
Cifras Revisadas	2021	11	Importación	8212109900	Pza	VNM	19	7	397440	1966109	95040.02
Cifras Revisadas	2021	11	Importación	8212909900	Kg	CHN	16	1	457.26	49743	2450.08
Cifras Revisadas	2021	11	Importación	8212909900	Kg	USA	30	7	25	40	1.97
Cifras Revisadas	2021	11	Importación	8213000100	Pza	PRI	27	7	120	16154	756.03
Cifras Revisadas	2021	11	Importación	8213000100	Pza	PAK	23	7	303	28802	1404.04
Cifras Revisadas	2021	11	Importación	8213000100	Pza	KOR	11	1	13	1524	71.64
Cifras Revisadas	2021	11	Importación	8213000100	Pza	ITA	23	7	69	19150	920.2
Cifras Revisadas	2021	11	Importación	8213000100	Pza	GBR	65	4	4	2152	103.16
Cifras Revisadas	2021	11	Importación	8213000100	Pza	CHN	17	7	979	183329	8671.93
Cifras Revisadas	2021	11	Importación	8213000100	Pza	CHN	48	4	500	20414	997.5
Cifras Revisadas	2021	11	Exportación	8213000100	Pza	URY	43	1	108	5481	267.2
Cifras Revisadas	2021	11	Importación	8213000100	Pza	TWN	80	7	202	42768	2072.12
Cifras Revisadas	2021	11	Exportación	8213000100	Pza	COL	51	1	1794	80942	3943.86
Cifras Revisadas	2021	11	Exportación	8213000100	Pza	CUB	53	4	15	467	22.64
Cifras Revisadas	2021	11	Importación	8214100201	Kg	DEU	47	4	0.25	235	11.39
Cifras Revisadas	2021	11	Importación	8214100201	Kg	CHN	7	7	20	456	21.91
Cifras Revisadas	2021	11	Importación	8214100299	Kg	USA	17	7	1	8751	420.01
Cifras Revisadas	2021	11	Importación	8214100299	Kg	USA	80	7	25	19758	931.51
Cifras Revisadas	2021	11	Exportación	8214100299	Kg	CAN	40	7	10.32	5749	275.82
Cifras Revisadas	2021	11	Exportación	8214200201	Kg	CUB	53	4	6.2	6317	308.6
Cifras Revisadas	2021	11	Importación	8214200299	Kg	CHN	43	1	42.3	13272	647.71
Cifras Revisadas	2021	11	Importación	8214200299	Kg	CHE	43	1	7.811	19562	962.44
Cifras Revisadas	2021	11	Exportación	8214200299	Kg	SLV	37	7	124.27	38104	1853.6
Cifras Revisadas	2021	11	Exportación	8214200299	Kg	CHN	16	1	4.16	531	25.58
Cifras Revisadas	2021	11	Importación	8214200299	Kg	DEU	53	1	1	176	8.57
Cifras Revisadas	2021	11	Importación	8214200299	Kg	PAK	47	4	274.5	207938	10149.02
Cifras Revisadas	2021	11	Importación	8214909900	Pza	TWN	40	7	247	12821	614.5
Cifras Revisadas	2021	11	Importación	8214909900	Pza	USA	19	7	3422	170549	8279.06
Cifras Revisadas	2021	11	Importación	8214909900	Pza	USA	33	7	4	1075	51.28
Cifras Revisadas	2021	11	Importación	8215200100	Kg	CHN	7	7	1660.53	25702	1216.45
Cifras Revisadas	2021	11	Importación	8215200100	Kg	CHN	30	7	62	7426	358.52
Cifras Revisadas	2021	11	Importación	8215200100	Kg	CHN	40	7	1096.997	226870	11080.89
Cifras Revisadas	2021	11	Importación	8215200100	Kg	FRA	24	7	2.93	7125	339.88
Cifras Revisadas	2021	11	Importación	8301200201	Kg	USA	73	7	3.02	3138	146.82
Cifras Revisadas	2021	11	Importación	8301200201	Kg	USA	80	7	21.856	46718	2279.73
Cifras Revisadas	2021	11	Importación	8301200201	Kg	USA	23	7	5	1884	91.35
Cifras Revisadas	2021	11	Importación	8301200299	Kg	IND	47	4	35.85	39870	1945.38
Cifras Revisadas	2021	11	Importación	8301200299	Kg	CAN	24	6	1469.126	64796	3033.1
Cifras Revisadas	2021	11	Importación	8301200299	Kg	CHN	11	1	21.3	12471	613.56
Cifras Revisadas	2021	11	Importación	8301200299	Kg	DEU	7	7	1.58	9591	466.1
Cifras Revisadas	2021	11	Importación	8301200299	Kg	ESP	47	4	6.472	26777	1323.1
Cifras Revisadas	2021	11	Importación	8301200299	Kg	TWN	51	1	496	204146	9833.35
Cifras Revisadas	2021	11	Importación	8301200299	Kg	KOR	24	7	4.081	5381	259.43
Cifras Revisadas	2021	11	Importación	8301200299	Kg	IND	81	1	1590.6	13151	632.26
Cifras Revisadas	2021	11	Importación	8301300100	Kg	TWN	7	7	1.814	5253	256.34
Cifras Revisadas	2021	11	Importación	8301300100	Kg	USA	7	7	188.943	208618	10022.98
Cifras Revisadas	2021	11	Importación	8301300100	Kg	USA	19	7	22.079	25786	1235.88
Cifras Revisadas	2021	11	Importación	8301300100	Kg	BRA	7	7	136.08	34320	1692.03
Cifras Revisadas	2021	11	Importación	8301300100	Kg	IND	64	4	23.4	28665	1410.3
Cifras Revisadas	2021	11	Importación	8301400100	Pza	SGP	48	4	393	264457	12920.06
Cifras Revisadas	2021	11	Importación	8301400100	Pza	TWN	51	1	21400	2664973	130900.95
Cifras Revisadas	2021	11	Importación	8301400100	Pza	PHL	73	7	42	12144	584.94
Cifras Revisadas	2021	11	Importación	8301400100	Pza	ITA	52	4	194	22872	1107.14
Cifras Revisadas	2021	11	Importación	8301400100	Pza	DEU	28	1	30	243328	11798.18
Cifras Revisadas	2021	11	Importación	8301400100	Pza	CHN	51	1	451611	29746251	1444648.88
Cifras Revisadas	2021	11	Importación	8301400100	Pza	CHE	52	4	3	31827	1538.65
Cifras Revisadas	2021	11	Importación	8301400100	Pza	CAN	40	7	2	4125	197.98
Cifras Revisadas	2021	11	Importación	8301400100	Pza	CAN	47	4	12	33098	1595.07
Cifras Revisadas	2021	11	Importación	8301400100	Pza	BRA	47	4	156	257274	12474.37
Cifras Revisadas	2021	11	Importación	8301400100	Pza	BEL	47	4	6	1817	89.98
Cifras Revisadas	2021	11	Importación	8301400100	Pza	BEL	43	1	225	125676	6121.67
Cifras Revisadas	2021	11	Importación	8301509900	Kg	CHN	7	7	0.1	1561	74.92
Cifras Revisadas	2021	11	Importación	8301509900	Kg	CHN	73	7	87.3	16413	755.01
Cifras Revisadas	2021	11	Importación	8301600201	Kg	ITA	43	1	98.1	187462	9000.35
Cifras Revisadas	2021	11	Importación	8301600299	Kg	ITA	53	4	1.4	5193	253.69
Cifras Revisadas	2021	11	Importación	8301600299	Kg	DEU	48	4	18.557	47164	2189.66
Cifras Revisadas	2021	11	Importación	8301600299	Kg	CHN	80	7	104.911	97574	4683.93
Cifras Revisadas	2021	11	Importación	8301600299	Kg	CAN	24	7	97050.566	4757676	229538.4
Cifras Revisadas	2021	11	Importación	8301600299	Kg	BRA	43	1	401.423	206065	10061.88
Cifras Revisadas	2021	11	Importación	8301600299	Kg	SWE	48	4	770.365	189947	9138.96
Cifras Revisadas	2021	11	Importación	8301600299	Kg	USA	17	7	4593.288	1412308	67822.39
Cifras Revisadas	2021	11	Importación	8301600299	Kg	TWN	17	7	6466.407	1744283	84118.63
Cifras Revisadas	2021	11	Importación	8301600299	Kg	SVK	43	1	270	155423	7533.07
Cifras Revisadas	2021	11	Importación	8301700201	Kg	TUR	24	7	2150	15518	749.98
Cifras Revisadas	2021	11	Importación	8301700201	Kg	THA	80	7	11.5	6663	322.51
Cifras Revisadas	2021	11	Importación	8301700201	Kg	USA	30	7	185.75	233837	11216.03
Cifras Revisadas	2021	11	Importación	8301700201	Kg	FIN	47	4	13.5	30648	1486.02
Cifras Revisadas	2021	11	Importación	8301700201	Kg	CHN	17	7	0.1	660	31.48
Cifras Revisadas	2021	11	Importación	8301700299	Kg	USA	47	4	1.378	5473	261.81
Cifras Revisadas	2021	11	Importación	8301700299	Kg	SWE	81	1	4.331	610	30.01
Cifras Revisadas	2021	11	Importación	8301700299	Kg	KOR	47	7	0.3	291	14.42
Cifras Revisadas	2021	11	Importación	8301700299	Kg	ITA	24	7	16.222	4313	205.6
Cifras Revisadas	2021	11	Importación	8301700299	Kg	USA	65	4	0.21	3411	164.28
Cifras Revisadas	2021	11	Importación	8301700299	Kg	IND	30	7	120	100357	4780.43
Cifras Revisadas	2021	11	Importación	8301700299	Kg	DEU	80	7	13.367	3367	164.01
Cifras Revisadas	2021	11	Importación	8301700299	Kg	CHN	48	4	4.242	55094	2691.28
Cifras Revisadas	2021	11	Importación	8301700299	Kg	ISR	47	4	7.24	74718	3683.73
Cifras Revisadas	2021	11	Importación	830210	NA	USA	23	6	6334.56	824668	37985.93
Cifras Revisadas	2021	11	Importación	8302100100	Kg	KOR	16	1	56858.1	9118579	439779.59
Cifras Revisadas	2021	11	Importación	8302100100	Kg	CHN	73	7	1.22	319	15.43
Cifras Revisadas	2021	11	Importación	8302100200	Kg	USA	23	7	11660.826	1536982	74099.28
Cifras Revisadas	2021	11	Importación	8302100200	Kg	IDN	16	1	0.551	664	31.94
Cifras Revisadas	2021	11	Importación	8302100200	Kg	CAN	34	7	1	310	14.46
Cifras Revisadas	2021	11	Importación	8302109900	Kg	CHN	11	1	54719.822	3115307	152150.91
Cifras Revisadas	2021	11	Importación	8302109900	Kg	CHE	47	4	3.2	38739	1905.93
Cifras Revisadas	2021	11	Importación	8302109900	Kg	BIH	52	4	16.28	10904	526.23
Cifras Revisadas	2021	11	Importación	8302109900	Kg	AUT	40	7	2964.185	594102	28713.99
Cifras Revisadas	2021	11	Importación	8302109900	Kg	AUT	39	7	300.6	103873	5053.02
Cifras Revisadas	2021	11	Importación	8302109900	Kg	AUT	24	7	21	6817	318.02
Cifras Revisadas	2021	11	Importación	8302300100	Kg	USA	73	7	19.6	5322	255.11
Cifras Revisadas	2021	11	Importación	8302300100	Kg	VNM	7	7	348.44	80553	3870.81
Cifras Revisadas	2021	11	Importación	8302300100	Kg	CZE	7	7	3964.55	199198	9572.8
Cifras Revisadas	2021	11	Importación	8302300100	Kg	FIN	24	7	3.39	13093	640.76
Cifras Revisadas	2021	11	Importación	8302300100	Kg	IND	51	1	7	13953	681.52
Cifras Revisadas	2021	11	Importación	8302300100	Kg	IND	30	7	6	5053	246.41
Cifras Revisadas	2021	11	Importación	8302300100	Kg	ITA	19	7	88.928	58418	2854.5
Cifras Revisadas	2021	11	Importación	8302300100	Kg	JPN	7	7	160.64	87420	4286.52
Cifras Revisadas	2021	11	Importación	8302300100	Kg	SRB	43	1	9.75	1509	71.14
Cifras Revisadas	2021	11	Importación	8302300100	Kg	SVN	81	1	493.54	239653	11459.65
Cifras Revisadas	2021	11	Importación	8302300100	Kg	TUR	47	4	170.559	176983	8706.13
Cifras Revisadas	2021	11	Importación	8302300100	Kg	USA	34	7	96.9	13470	651.64
Cifras Revisadas	2021	11	Importación	8302300100	Kg	USA	44	7	1059.315	500409	23948.77
Cifras Revisadas	2021	11	Importación	8302410602	Kg	CHN	51	1	85316.86	8325012	405332.97
Cifras Revisadas	2021	11	Importación	8302410603	Kg	DEU	43	1	116.42	16626	823.74
Cifras Revisadas	2021	11	Importación	8302410603	Kg	HUN	43	1	7	2959	146.6
Cifras Revisadas	2021	11	Importación	8302410603	Kg	USA	40	7	728.556	727975	34549.21
Cifras Revisadas	2021	11	Importación	8302410699	Kg	USA	39	7	298.782	104140	5075.4
Cifras Revisadas	2021	11	Importación	8302410699	Kg	TWN	80	7	20.745	8251	386.25
Cifras Revisadas	2021	11	Importación	8302410699	Kg	TUR	24	7	5.616	2315	112.47
Cifras Revisadas	2021	11	Importación	8302410699	Kg	CHN	40	7	15467.878	1278564	61066.64
Cifras Revisadas	2021	11	Importación	8302410699	Kg	CHN	73	7	347.924	74353	3563.2
Cifras Revisadas	2021	11	Importación	8302410699	Kg	CHN	7	7	41209.668	3770313	180219.75
Cifras Revisadas	2021	11	Importación	8302410699	Kg	ITA	81	1	7259.902	590989	29082.82
Cifras Revisadas	2021	11	Importación	8302410699	Kg	IND	24	7	3256.88	307019	14789.26
Cifras Revisadas	2021	11	Importación	8302410699	Kg	CHE	47	4	19.96	23704	1155.65
Cifras Revisadas	2021	11	Importación	8302410699	Kg	CAN	19	7	150	718	34.7
Cifras Revisadas	2021	11	Importación	8302420301	Kg	CHN	24	7	22.174	14349	699.15
Cifras Revisadas	2021	11	Importación	8302420301	Kg	TWN	44	7	4	3121	145.6
Cifras Revisadas	2021	11	Importación	8302420302	Kg	CAN	24	7	41012.701	6973646	335014.94
Cifras Revisadas	2021	11	Importación	8302420303	Kg	CHN	30	7	105614.86	4333665	209869.6
Cifras Revisadas	2021	11	Importación	8302420303	Kg	USA	24	7	1455.618	822353	39618.5
Cifras Revisadas	2021	11	Importación	8302420303	Kg	DEU	23	7	65.99	75654	3675.97
Cifras Revisadas	2021	11	Importación	8302420303	Kg	CHN	7	7	1432.487	394134	19212.74
Cifras Revisadas	2021	11	Importación	8302420303	Kg	CHN	47	4	60.184	32835	1571.09
Cifras Revisadas	2021	11	Importación	8302420399	Kg	TWN	80	7	70.39	45992	2243.51
Cifras Revisadas	2021	11	Importación	8302420399	Kg	TWN	40	7	36486.337	2269994	110140.04
Cifras Revisadas	2021	11	Importación	8302420399	Kg	TUR	47	4	0.025	8	0.39
Cifras Revisadas	2021	11	Importación	8302420399	Kg	ECU	40	7	4.67	13250	630.84
Cifras Revisadas	2021	11	Importación	8302420399	Kg	DEU	24	7	73.251	63659	3107.47
Cifras Revisadas	2021	11	Importación	8302420399	Kg	CHN	73	7	119.21	8097	388.88
Cifras Revisadas	2021	11	Importación	8302420399	Kg	CHN	30	7	125771.954	10023565	480956.9
Cifras Revisadas	2021	11	Importación	8302420399	Kg	CHN	18	1	852.7	110529	5449.26
Cifras Revisadas	2021	11	Importación	8302500100	Kg	USA	19	7	1088.578	923262	43972.94
Cifras Revisadas	2021	11	Importación	8302500100	Kg	KOR	30	7	30.394	11161	539.4
Cifras Revisadas	2021	11	Importación	8302500100	Kg	KOR	40	7	0.098	1087	52.53
Cifras Revisadas	2021	11	Importación	8302500100	Kg	LTU	24	7	28.359	5131	242.98
Cifras Revisadas	2021	11	Importación	8302500100	Kg	NZL	48	4	3.5	30413	1481.41
Cifras Revisadas	2021	11	Importación	8302500100	Kg	PRI	23	7	0.227	2552	124.31
Cifras Revisadas	2021	11	Importación	8302500100	Kg	RUS	48	4	32.368	23948	1178.22
Cifras Revisadas	2021	11	Importación	8302500100	Kg	SVN	12	4	1.198	2370	111.74
Cifras Revisadas	2021	11	Importación	8302500100	Kg	SWE	30	7	4	1574	76.62
Cifras Revisadas	2021	11	Importación	8302500100	Kg	THA	16	1	233	31016	1489.13
Cifras Revisadas	2021	11	Importación	8302500100	Kg	USA	28	1	424.796	135825	6526.28
Cifras Revisadas	2021	11	Importación	8302500100	Kg	USA	17	7	2499.007	245293	11907.57
Cifras Revisadas	2021	11	Importación	8302600100	Kg	ITA	24	7	1064.7	480236	23028.33
Cifras Revisadas	2021	11	Importación	8304000300	Kg	IND	73	7	2	354	17
Cifras Revisadas	2021	11	Importación	8304000300	Kg	CHN	73	7	62.09	13250	642.36
Cifras Revisadas	2021	11	Importación	8304000300	Kg	KOR	28	4	8.33	14479	717.18
Cifras Revisadas	2021	11	Importación	8305100100	Kg	CHN	51	1	8495.7	489810	24253.9
Cifras Revisadas	2021	11	Importación	8305200100	Kg	CHN	47	4	0.2	313	15.02
Cifras Revisadas	2021	11	Importación	8305200100	Kg	USA	40	7	9043.714	574022	27744.3
Cifras Revisadas	2021	11	Importación	8305200100	Kg	USA	30	7	658.828	438269	21369.28
Cifras Revisadas	2021	11	Importación	8305200100	Kg	USA	23	7	899.935	52899	2555.07
Cifras Revisadas	2021	11	Importación	8305200100	Kg	DEU	40	7	4.99	806	39.37
Cifras Revisadas	2021	11	Importación	8305200100	Kg	JPN	24	7	117.49	66140	3168.18
Cifras Revisadas	2021	11	Importación	8305200100	Kg	MYS	23	7	1.198	109	5.29
Cifras Revisadas	2021	11	Importación	8305200100	Kg	OMN	17	7	13.608	8398	403.2
Cifras Revisadas	2021	11	Importación	8305200100	Kg	SWE	23	7	16.233	3566	174.03
Cifras Revisadas	2021	11	Importación	8305200100	Kg	USA	19	7	734.981	134261	6594.14
Cifras Revisadas	2021	11	Importación	8305900100	Kg	USA	23	7	3.09	22186	1035
Cifras Revisadas	2021	11	Importación	8305900100	Kg	USA	19	7	845.4	70329	3401.29
Cifras Revisadas	2021	11	Importación	8305900100	Kg	CHN	30	7	74.3	18606	903.54
Cifras Revisadas	2021	11	Importación	8305900100	Kg	USA	73	7	2.4	64	3.07
Cifras Revisadas	2021	11	Importación	8306100100	Pza	DEU	24	7	1	14626	712.43
Cifras Revisadas	2021	11	Importación	8306210100	Pza	VNM	24	7	10	1235	60.35
Cifras Revisadas	2021	11	Importación	8306210100	Pza	IND	40	7	3	1906	92.94
Cifras Revisadas	2021	11	Importación	8306210100	Pza	IDN	11	1	30	713	35.08
Cifras Revisadas	2021	11	Importación	8306210100	Pza	IND	47	4	160	8543	410.03
Cifras Revisadas	2021	11	Importación	8306299900	Pza	CHN	33	7	6533	57988	2771.91
Cifras Revisadas	2021	11	Importación	8306299900	Pza	IDN	40	7	2	8179	402.38
Cifras Revisadas	2021	11	Importación	8306300100	Pza	CHN	51	1	13032	1097639	53509.96
Cifras Revisadas	2021	11	Exportación	8471600403	Pza	USA	23	7	280	175620	8556.03
Cifras Revisadas	2021	11	Exportación	8471600499	Pza	USA	40	7	107	461776	22228.14
Cifras Revisadas	2021	11	Exportación	8471600499	Pza	GTM	37	7	2445	181941	8339.06
Cifras Revisadas	2021	11	Exportación	8471700100	Pza	SVN	48	4	10	4774475	234889.18
Cifras Revisadas	2021	11	Exportación	8471700100	Pza	USA	30	7	450	84817	4038.34
Cifras Revisadas	2021	11	Exportación	8471700100	Pza	ZYA	47	4	7	60573	2959.86
Cifras Revisadas	2021	11	Exportación	8471700100	Pza	SVK	48	4	21	3739104	183952.18
Cifras Revisadas	2021	11	Exportación	8471700100	Pza	SRB	47	4	7	263545	12571.79
Cifras Revisadas	2021	11	Exportación	8471700100	Pza	DNK	48	4	91	41857813	2059230.54
Cifras Revisadas	2021	11	Exportación	8471700100	Pza	SGP	52	4	208	1313690	62807.46
Cifras Revisadas	2021	11	Exportación	8471700100	Pza	ARE	48	4	14	6528753	321194.16
Cifras Revisadas	2021	11	Exportación	8471700100	Pza	CAN	52	4	1	581	28.33
Cifras Revisadas	2021	11	Exportación	8471700100	Pza	CHL	48	4	7	10047224	494291.88
Cifras Revisadas	2021	11	Exportación	8477900499	Pza	USA	19	7	101	3723046	178442.18
Cifras Revisadas	2021	11	Exportación	8477900499	Pza	JPN	24	7	6	124	5.99
Cifras Revisadas	2021	11	Exportación	8477900499	Pza	DEU	81	1	4	238145	11600.02
Cifras Revisadas	2021	11	Exportación	8479500100	Pza	BRA	47	4	1	41859	1996.78
Cifras Revisadas	2021	11	Exportación	8479500100	Pza	USA	48	4	10	2017081	98548.87
Cifras Revisadas	2021	11	Exportación	8479890400	Pza	SLV	37	7	4	27438	1280.02
Cifras Revisadas	2021	11	Exportación	8479890600	Pza	HND	37	7	2	12364	602.91
Cifras Revisadas	2021	11	Exportación	8479892600	Pza	DEU	11	1	524	1676790	82225.82
Cifras Revisadas	2021	11	Exportación	8479899901	Pza	CAN	24	7	1	493794	23699.99
Cifras Revisadas	2021	11	Exportación	8479899902	Pza	ITA	81	1	1	1925688	92424.74
Cifras Revisadas	2021	11	Exportación	8479899902	Pza	BRA	52	4	15	17580	864.92
Cifras Revisadas	2021	11	Exportación	8479899903	Pza	USA	30	7	6	136310	6667.14
Cifras Revisadas	2021	11	Exportación	8479899903	Pza	CAN	52	4	1	610	30.01
Cifras Revisadas	2021	11	Exportación	8479899905	Pza	USA	7	7	6	523023	25190.39
Cifras Revisadas	2021	11	Exportación	8479899908	Pza	USA	24	7	131	3218580	156399.17
Cifras Revisadas	2021	11	Exportación	8479899999	Pza	USA	44	7	11	728654	34344.98
Cifras Revisadas	2021	11	Exportación	8479899999	Pza	USA	80	7	68743	131637492	6346606.44
Cifras Revisadas	2021	11	Exportación	8479899999	Pza	DEU	48	4	1	762994	36620.43
Cifras Revisadas	2021	11	Exportación	8479899999	Pza	CRI	47	4	4	10522	514.52
Cifras Revisadas	2021	11	Exportación	8479901802	Kg	ARG	47	4	1	577	27.79
Cifras Revisadas	2021	11	Exportación	8479901899	Kg	ARG	64	4	14.96	267675	12849.32
Cifras Revisadas	2021	11	Exportación	8479901899	Kg	RUS	47	4	367.774	1103102	52501.38
Cifras Revisadas	2021	11	Exportación	8479901899	Kg	SAU	81	1	12667.313	10382334	506760.91
Cifras Revisadas	2021	11	Exportación	8479901899	Kg	SWE	52	4	0.37	3156	148.79
Cifras Revisadas	2021	11	Exportación	8479901899	Kg	USA	48	4	817.486	1470812	70896.7
Cifras Revisadas	2021	11	Exportación	8480410299	Kg	USA	7	7	1509	510555	24869.97
Cifras Revisadas	2021	11	Exportación	8480710301	Kg	USA	19	7	155	214895	10350.01
Cifras Revisadas	2021	11	Exportación	8480799999	Kg	USA	64	4	0.163	5392	258.88
Cifras Revisadas	2021	11	Exportación	8481100100	Kg	USA	40	7	9199.242	1516415	74570.61
Cifras Revisadas	2021	11	Exportación	8481109901	Kg	HND	37	7	12.52	4104	191.61
Cifras Revisadas	2021	11	Exportación	8481109999	Kg	ECU	48	4	8	40141	1940
Cifras Revisadas	2021	11	Exportación	8481109999	Kg	NIC	47	4	7.996	29788	1452.56
Cifras Revisadas	2021	11	Exportación	8481409999	Kg	USA	24	7	357825.076	34024091	1644444.87
Cifras Revisadas	2021	11	Exportación	8481409999	Kg	USA	44	7	621.4	312603	15085.74
Cifras Revisadas	2021	11	Exportación	8481800200	Kg	CAN	52	4	20.5	9135	449.41
Cifras Revisadas	2021	11	Exportación	8481800200	Kg	DEU	81	1	107.346	83325	4000.57
Cifras Revisadas	2021	11	Exportación	8481800400	Kg	PAK	16	1	181	44848	2061.76
Cifras Revisadas	2021	11	Exportación	8481800400	Kg	ECU	16	1	5076.245	1693787	83495.77
Cifras Revisadas	2021	11	Exportación	8481800400	Kg	CHL	16	1	7772	992606	47806.94
Cifras Revisadas	2021	11	Exportación	8481800700	Kg	GUY	47	4	0.26	3157	153.95
Cifras Revisadas	2021	11	Exportación	8481800700	Kg	COL	51	1	86.918	15982	775.95
Cifras Revisadas	2021	11	Exportación	8481800700	Kg	USA	23	7	64.254	44492	2156.43
Cifras Revisadas	2021	11	Exportación	8481800900	Kg	USA	65	4	3.4	442157	21200.01
Cifras Revisadas	2021	11	Exportación	8481800900	Kg	USA	24	7	16.32	14402	699.98
Cifras Revisadas	2021	11	Exportación	8481801200	Kg	USA	17	7	37085.188	12257399	590723.6
Cifras Revisadas	2021	11	Exportación	8481801800	Kg	POL	48	4	40	20408	997.21
Cifras Revisadas	2021	11	Exportación	8481801800	Kg	CAN	24	7	285	500350	23908.21
Cifras Revisadas	2021	11	Exportación	8481801800	Kg	CHL	16	1	5464.117	2216245	105929.92
Cifras Revisadas	2021	11	Exportación	8481801900	Kg	USA	24	7	4957.647	2759781	130507.07
Cifras Revisadas	2021	11	Exportación	8481801900	Kg	NIC	37	7	1365.9	394957	19160.41
Cifras Revisadas	2021	11	Exportación	8481801900	Kg	ARG	43	1	34.56	6033	276.51
Cifras Revisadas	2021	11	Exportación	8481802000	Kg	GTM	37	7	440.55	560970	26933.07
Cifras Revisadas	2021	11	Exportación	8481802000	Kg	ITA	81	1	418	321591	15434.99
Cifras Revisadas	2021	11	Exportación	8481802100	Kg	SGP	30	7	1.598	1383	66.3
Cifras Revisadas	2021	11	Exportación	8481802100	Kg	PAN	37	7	19.14	6134	299.73
Cifras Revisadas	2021	11	Exportación	8481802100	Kg	GTM	37	7	1186.988	323991	15573.44
Cifras Revisadas	2021	11	Exportación	8481802100	Kg	USA	27	6	6	2051	99.9
Cifras Revisadas	2021	11	Exportación	8481802200	Kg	BRA	43	1	4819.68	3951618	191543.99
Cifras Revisadas	2021	11	Exportación	8481802200	Kg	AUS	16	1	578	1016550	48960.16
Cifras Revisadas	2021	11	Exportación	8481802200	Kg	DOM	47	4	6.282	47431	2291
Cifras Revisadas	2021	11	Exportación	8481802200	Kg	DEU	43	1	118.6	113053	5562.13
Cifras Revisadas	2021	11	Exportación	8481802200	Kg	COL	43	1	9.12	1463	71.26
Cifras Revisadas	2021	11	Exportación	8482109999	Kg	USA	40	7	27428.904	11348751	546893.87
Cifras Revisadas	2021	11	Exportación	8482109999	Kg	USA	7	7	2398.467	720982	34856.2
Cifras Revisadas	2021	11	Exportación	8482109999	Kg	PAN	51	1	71.13	6751	327.33
Cifras Revisadas	2021	11	Exportación	8482109999	Kg	HND	37	7	708.955	119084	5688.38
Cifras Revisadas	2021	11	Exportación	8482109999	Kg	FRA	47	4	1.75	36310	1664.18
Cifras Revisadas	2021	11	Exportación	8482109999	Kg	GUY	47	4	0.148	153	7.46
Cifras Revisadas	2021	11	Exportación	8482209900	Kg	USA	80	7	30.896	21493	1050.03
Cifras Revisadas	2021	11	Exportación	8482209900	Kg	IND	47	4	168.2	34777	1693.98
Cifras Revisadas	2021	11	Exportación	8482209900	Kg	DEU	47	4	1939.8	701792	34283.59
Cifras Revisadas	2021	11	Exportación	8482400100	Kg	BRA	81	1	29.056	50706	2324.29
Cifras Revisadas	2021	11	Exportación	8482400100	Kg	DOM	48	4	23.3	45763	2235.59
Cifras Revisadas	2021	11	Exportación	8482400100	Kg	CHL	47	4	1	1593	75.99
Cifras Revisadas	2021	11	Exportación	8482400100	Kg	USA	30	7	41170.002	11141449	537885.27
Cifras Revisadas	2021	11	Exportación	8482400100	Kg	USA	24	7	75188.561	22767022	1098390.3
Cifras Revisadas	2021	11	Exportación	8482500100	Kg	GTM	47	4	2.657	19482	935.31
Cifras Revisadas	2021	11	Exportación	8482500100	Kg	BOL	47	4	1.154	2157	106.34
Cifras Revisadas	2021	11	Exportación	8482800100	Kg	USA	7	7	6.114	583	28.48
Cifras Revisadas	2021	11	Exportación	8482800100	Kg	USA	30	7	0.5	1655	79.99
Cifras Revisadas	2021	11	Exportación	8482910299	Kg	BEL	43	1	2.24	863	42.55
Cifras Revisadas	2021	11	Exportación	8482999902	Kg	URY	43	1	9	3304	158.39
Cifras Revisadas	2021	11	Exportación	8482999999	Kg	USA	17	7	18.03	16316	802.7
Cifras Revisadas	2021	11	Exportación	8482999999	Kg	USA	19	7	4	31914	1534.93
Cifras Revisadas	2021	11	Exportación	8482999999	Kg	USA	39	7	103.361	440216	21339.91
Cifras Revisadas	2021	11	Exportación	8483100801	Kg	PAN	47	4	0.565	11824	562.05
Cifras Revisadas	2021	11	Exportación	8483100801	Kg	SLV	37	7	3.36	13646	658.23
Cifras Revisadas	2021	11	Exportación	8483100801	Kg	CAN	23	7	600.68	27188	1333.24
Cifras Revisadas	2021	11	Exportación	8483100801	Kg	CAN	30	7	1.836	1274	60.86
Cifras Revisadas	2021	11	Exportación	8483100801	Kg	HND	37	7	0.811	80	3.91
Cifras Revisadas	2021	11	Exportación	8483100802	Kg	CAN	24	6	38377.633	10356848	498573.63
Cifras Revisadas	2021	11	Exportación	8483100803	Kg	USA	7	7	31.644	9833	470.68
Cifras Revisadas	2021	11	Exportación	8483100803	Kg	PAN	43	1	0.08	5047	235.45
Cifras Revisadas	2021	11	Exportación	8483100803	Kg	CAN	52	4	6.7	1907	92.99
Cifras Revisadas	2021	11	Exportación	8483100803	Kg	COL	47	7	20	41455	1899.99
Cifras Revisadas	2021	11	Exportación	8483100806	Kg	CAN	65	4	1.297	9809	473.83
Cifras Revisadas	2021	11	Exportación	8483100899	Kg	USA	7	7	354.158	320049	15456.05
Cifras Revisadas	2021	11	Exportación	8483100899	Kg	CHE	19	7	7.5	4816	235.27
Cifras Revisadas	2021	11	Exportación	8483200100	Kg	AUS	16	1	20	3126	152.75
Cifras Revisadas	2021	11	Exportación	8483609900	Kg	JAM	47	4	0.096	2063	99.14
Cifras Revisadas	2021	11	Exportación	8483609900	Kg	USA	40	7	5510.614	1246660	60173.37
Cifras Revisadas	2021	11	Exportación	8483609900	Kg	VEN	47	4	1.346	3758	172.24
Cifras Revisadas	2021	11	Exportación	8483609900	Kg	JAM	52	4	0.2	24008	1120
Cifras Revisadas	2021	11	Exportación	8483900301	Kg	USA	40	7	102.24	170933	8350.33
Cifras Revisadas	2021	11	Exportación	8483900302	Kg	USA	7	7	4849.21	738477	35436.77
Cifras Revisadas	2021	11	Exportación	8483900302	Kg	USA	52	4	3	541	26.48
Cifras Revisadas	2021	11	Exportación	8483900399	Kg	SLV	16	1	4.559	904	43.34
Cifras Revisadas	2021	11	Exportación	8483900399	Kg	BRA	52	4	39.04	20770	1024
Cifras Revisadas	2021	11	Exportación	8483900399	Kg	CUB	28	1	29.801	2869	138.26
Cifras Revisadas	2021	11	Exportación	8484100100	Kg	FRA	47	4	260.26	467713	22700.98
Cifras Revisadas	2021	11	Exportación	8484100100	Kg	HND	47	4	7	10671	519.78
Cifras Revisadas	2021	11	Exportación	8484100100	Kg	DOM	43	1	62.89	6315	307.6
Cifras Revisadas	2021	11	Exportación	8484100100	Kg	BRA	64	4	25	118502	5789
Cifras Revisadas	2021	11	Exportación	8484100100	Kg	PRI	48	4	4.064	396	19.29
Cifras Revisadas	2021	11	Exportación	8484100100	Kg	CHL	47	4	569.803	310191	14821.57
Cifras Revisadas	2021	11	Exportación	8484200100	Kg	GBR	65	4	5723.1	2426174	117456.54
Cifras Revisadas	2021	11	Exportación	8484200100	Kg	USA	17	7	95.969	196230	9550.45
Cifras Revisadas	2021	11	Exportación	8484200100	Kg	COL	43	1	0.2	816	39.12
Cifras Revisadas	2021	11	Exportación	8484909901	Kg	GTM	37	7	8.37	1352	64.81
Cifras Revisadas	2021	11	Exportación	8484909999	Kg	PER	16	1	3.23	16441	801.72
Cifras Revisadas	2021	11	Exportación	8484909999	Kg	SLV	37	7	27.02	58127	2809.35
Cifras Revisadas	2021	11	Exportación	8484909999	Kg	BOL	47	4	1115.422	127883	6036.94
Cifras Revisadas	2021	11	Exportación	8484909999	Kg	CUB	43	1	14.92	234928	11314.86
Cifras Revisadas	2021	11	Exportación	8487900300	Kg	USA	24	7	1.315	29469	1414.85
Cifras Revisadas	2021	11	Exportación	8487909900	Kg	CZE	47	4	6.23	48941	2315.04
Cifras Revisadas	2021	11	Exportación	8487909900	Kg	ARG	47	4	135.448	333138	16039.62
Cifras Revisadas	2021	11	Exportación	8487909900	Kg	USA	44	7	1.437	2231	106.93
Cifras Revisadas	2021	11	Exportación	8487909900	Kg	USA	23	7	5045.507	8062603	385626.36
Cifras Revisadas	2021	11	Exportación	8487909900	Kg	NIC	37	7	66.896	131795	6489.24
Cifras Revisadas	2021	11	Exportación	8487909900	Kg	JPN	16	1	26.5	57790	2783.34
Cifras Revisadas	2021	11	Exportación	8487909900	Kg	IRQ	52	4	0.42	143693	6999.28
Cifras Revisadas	2021	11	Exportación	8487909900	Kg	ECU	16	1	1.416	1641	79.78
Cifras Revisadas	2021	11	Exportación	8487909900	Kg	GBR	24	7	193	59021	2786.09
Cifras Revisadas	2021	11	Exportación	8501101004	Pza	USA	17	7	57081	77776038	3782220.43
Cifras Revisadas	2021	11	Exportación	8501101004	Pza	USA	64	4	57	9646	462.05
Cifras Revisadas	2021	11	Exportación	8501101004	Pza	BRA	43	1	24802	5917301	280727.85
Cifras Revisadas	2021	11	Exportación	8517610100	Pza	NZL	48	4	14	127036	6089.99
Cifras Revisadas	2021	11	Exportación	8517621701	Pza	ZYA	52	4	3	123625	5969.17
Cifras Revisadas	2021	11	Exportación	8517621701	Pza	SLV	52	4	2	10820	510.12
Cifras Revisadas	2021	11	Exportación	8517621701	Pza	COL	16	1	6	1384	66.66
Cifras Revisadas	2021	11	Exportación	8517621702	Pza	NIC	37	7	5	1006	47.43
Cifras Revisadas	2021	11	Exportación	8517621702	Pza	POL	48	4	5	74947	3687.16
Cifras Revisadas	2021	11	Exportación	8517621702	Pza	JPN	47	4	3	6864	329.87
Cifras Revisadas	2021	11	Exportación	8517621702	Pza	DEU	52	4	22	561236	26048.02
Cifras Revisadas	2021	11	Exportación	8517621702	Pza	CYM	81	1	4	6606	316.69
Cifras Revisadas	2021	11	Exportación	8517621702	Pza	CRI	47	4	2	5073	249.58
Cifras Revisadas	2021	11	Exportación	8517621702	Pza	CHL	47	4	12	71420	3406.46
Cifras Revisadas	2021	11	Exportación	8517621702	Pza	CHE	48	4	25	245824	11786.89
Cifras Revisadas	2021	11	Exportación	8517621702	Pza	BRA	47	4	178	385241	18571.36
Cifras Revisadas	2021	11	Exportación	8517621702	Pza	FRA	48	4	6	212148	10308.36
Cifras Revisadas	2021	11	Exportación	8517701100	Pza	USA	52	4	146	1177978	56608.52
Cifras Revisadas	2021	11	Exportación	8517701100	Pza	ZYA	47	4	38	911199	43837.5
Cifras Revisadas	2021	11	Exportación	8517701100	Pza	TUR	48	4	53	2507356	119607.5
Cifras Revisadas	2021	11	Exportación	8517701200	Pza	KOR	47	4	8	482264	23491.04
Cifras Revisadas	2021	11	Exportación	8517701200	Pza	MAR	48	4	4	228610	11010.56
Cifras Revisadas	2021	11	Exportación	8517701200	Pza	MYS	47	4	285	314349	15358.22
Cifras Revisadas	2021	11	Exportación	8517701200	Pza	UZB	48	4	4	137253	6705.02
Cifras Revisadas	2021	11	Exportación	8517701200	Pza	ARG	47	4	211	16027	771.91
Cifras Revisadas	2021	11	Exportación	8517701200	Pza	AUS	48	4	1366	2938143	140955.98
Cifras Revisadas	2021	11	Exportación	8517701200	Pza	CHL	16	1	780	8383834	403909.91
Cifras Revisadas	2021	11	Exportación	8517701200	Pza	CHL	48	4	798	17799592	868358.11
Cifras Revisadas	2021	11	Exportación	8517701200	Pza	CHN	16	1	33	1016094	48169.01
Cifras Revisadas	2021	11	Exportación	8517701200	Pza	HKG	16	1	176	11643577	570310.77
Cifras Revisadas	2021	11	Exportación	8517709901	Kg	KOR	48	4	71.538	66304	3187.63
Cifras Revisadas	2021	11	Exportación	8517709901	Kg	FIN	48	4	50.86	119793	5742.77
Cifras Revisadas	2021	11	Exportación	8517709901	Kg	PRI	47	4	1	36315	1745.11
Cifras Revisadas	2021	11	Exportación	8517709901	Kg	USA	48	4	51.17	27015	1273.65
Cifras Revisadas	2021	11	Exportación	8517709902	Kg	CHN	16	1	1879.81	709551	34055.4
Cifras Revisadas	2021	11	Exportación	8517709999	Kg	CHN	47	4	6.3	62596	3057.91
Cifras Revisadas	2021	11	Exportación	8517709999	Kg	BRB	48	4	59.204	19149	944.08
Cifras Revisadas	2021	11	Exportación	8517709999	Kg	DOM	48	4	9	1487	71.87
Cifras Revisadas	2021	11	Exportación	8517709999	Kg	MYS	47	4	3	467492	23048.12
Cifras Revisadas	2021	11	Exportación	8517709999	Kg	IRL	48	4	3.15	559	27.31
Cifras Revisadas	2021	11	Exportación	8517709999	Kg	HUN	48	4	211.5	23581	1152.25
Cifras Revisadas	2021	11	Importación	8518210201	Pza	DEU	43	1	28	316927	15617.08
Cifras Revisadas	2021	11	Importación	8518210201	Pza	USA	7	7	112	6763	324.8
Cifras Revisadas	2021	11	Importación	8518210201	Pza	CHN	24	7	419	412696	19353.9
Cifras Revisadas	2021	11	Importación	8518210202	Pza	USA	33	7	5150	9018916	437394.73
Cifras Revisadas	2021	11	Importación	8518210202	Pza	CHN	44	7	2	3860	185.26
Cifras Revisadas	2021	11	Importación	8518210299	Pza	AUT	47	4	9	42191	2050.91
Cifras Revisadas	2021	11	Importación	8518210299	Pza	BGR	48	4	30	2281	111.46
Cifras Revisadas	2021	11	Importación	8518900100	Kg	CHN	51	1	302	20556	1011.29
Cifras Revisadas	2021	11	Importación	8518909901	Pza	CHN	80	7	27	7298	351.16
Cifras Revisadas	2021	11	Importación	8518909901	Pza	GBR	7	7	3000	4376	208.75
Cifras Revisadas	2021	11	Importación	8518909901	Pza	HUN	81	1	12384	200752	9726.53
Cifras Revisadas	2021	11	Importación	8518909901	Pza	HUN	7	7	1000	68970	3363.21
Cifras Revisadas	2021	11	Importación	8518909901	Pza	USA	24	7	49614	4182294	200575.91
Cifras Revisadas	2021	11	Importación	8518909901	Pza	USA	43	1	1	165	8.17
Cifras Revisadas	2021	11	Importación	8518909999	Pza	USA	39	7	3600	344406	16775.99
Cifras Revisadas	2021	11	Importación	8518909999	Pza	USA	65	4	114	206249	10018.63
Cifras Revisadas	2021	11	Importación	8518909999	Pza	KOR	39	7	6000	1323440	61739.99
Cifras Revisadas	2021	11	Importación	8518909999	Pza	KOR	16	1	14	7176	342.93
Cifras Revisadas	2021	11	Importación	8518909999	Pza	HKG	47	4	16	32339	1568.01
Cifras Revisadas	2021	11	Importación	8518909999	Pza	CHN	40	7	4676932	68117342	3249299.16
Cifras Revisadas	2021	11	Importación	8518909999	Pza	CHN	19	7	1003859	32910543	1583349.14
Cifras Revisadas	2021	11	Importación	8518909999	Pza	CHN	53	1	8	7547	373.92
Cifras Revisadas	2021	11	Importación	8518909999	Pza	CHN	53	4	6	880	41.78
Cifras Revisadas	2021	11	Importación	8519300200	Pza	CHN	80	7	400	329018	15693.76
Cifras Revisadas	2021	11	Importación	8519810700	Pza	CHN	24	7	554	1432057	66464.48
Cifras Revisadas	2021	11	Importación	8519811000	Pza	CHN	73	7	17	36331	1665.15
Cifras Revisadas	2021	11	Importación	8519890100	Pza	CHN	24	7	2	8463	406.7
Cifras Revisadas	2021	11	Importación	8521900100	Pza	USA	24	7	2	48530	2320.99
Cifras Revisadas	2021	11	Importación	8523510100	Pza	MYS	30	7	21	29604	1410.86
Cifras Revisadas	2021	11	Exportación	8523510100	Pza	SGP	52	4	168	2239455	104495.21
Cifras Revisadas	2021	11	Importación	8523510100	Pza	KOR	19	7	2	5742	280
Cifras Revisadas	2021	11	Importación	8523510100	Pza	PHL	17	7	2	805	38.4
Cifras Revisadas	2021	11	Importación	8523510100	Pza	KOR	7	7	474061	1031824045	49456371.74
Cifras Revisadas	2021	11	Importación	8523510100	Pza	KOR	52	4	7862	68525613	3351122.55
Cifras Revisadas	2021	11	Importación	8523510100	Pza	ITA	48	4	2	22267	1102.71
Cifras Revisadas	2021	11	Exportación	8523519900	Kg	DEU	64	4	0.1	20789	996.61
Cifras Revisadas	2021	11	Exportación	8523520301	Kg	AUT	64	4	0.02	42	2.01
Cifras Revisadas	2021	11	Exportación	8523520301	Kg	CHN	47	4	45.364	170687	8252.89
Cifras Revisadas	2021	11	Exportación	8523520301	Kg	ARG	47	4	1333.374	3038101	145124.26
Cifras Revisadas	2021	11	Importación	8525800503	Pza	IRL	43	1	3	13904	688.87
Cifras Revisadas	2021	11	Importación	8525800503	Pza	CHN	40	7	778	1996834	95815.06
Cifras Revisadas	2021	11	Importación	8526929900	Pza	SWE	24	7	2	68902	3307
Cifras Revisadas	2021	11	Importación	8526929900	Pza	IDN	47	4	6	1151	56.25
Cifras Revisadas	2021	11	Importación	8527130100	Pza	CHN	30	7	1	8	0.39
Cifras Revisadas	2021	11	Importación	8527130200	Pza	CHN	11	1	14107	6079611	299585.41
Cifras Revisadas	2021	11	Importación	8527210100	Pza	VNM	51	1	393	1332398	61839.12
Cifras Revisadas	2021	11	Importación	8528520299	Pza	VNM	40	7	7	31463	1536.46
Cifras Revisadas	2021	11	Exportación	8528720600	Pza	JAM	11	1	532	3435499	166595.21
Cifras Revisadas	2021	11	Exportación	8528720600	Pza	USA	39	7	1	14437	700
Cifras Revisadas	2021	11	Exportación	8528720600	Pza	PAN	81	1	755	4550361	224340.3
Cifras Revisadas	2021	11	Exportación	8528720600	Pza	PRY	81	1	205	1210132	59661.49
Cifras Revisadas	2021	11	Exportación	8528720600	Pza	SLV	11	9	1265	3300420	159508.39
Cifras Revisadas	2021	11	Exportación	8528720600	Pza	PAN	16	1	306	2289279	112260.83
Cifras Revisadas	2021	11	Exportación	8528729900	Pza	USA	23	7	4	2927	143.02
Cifras Revisadas	2021	11	Exportación	8529100901	Kg	USA	24	7	19615.995	8467015	405756.66
Cifras Revisadas	2021	11	Exportación	8529100901	Kg	URY	43	1	54.4	9132	445.89
Cifras Revisadas	2021	11	Exportación	8529100901	Kg	CRI	37	7	358.24	57201	2746.6
Cifras Revisadas	2021	11	Exportación	8529100901	Kg	PRI	43	1	860	132699	6390.8
Cifras Revisadas	2021	11	Exportación	8529100901	Kg	CHL	16	1	0.09	920	44.1
Cifras Revisadas	2021	11	Exportación	8529100902	Kg	NIC	37	7	20359	1620371	77868.01
Cifras Revisadas	2021	11	Exportación	8529100905	Kg	GBR	43	1	30	24159	1188.61
Cifras Revisadas	2021	11	Exportación	8529100906	Kg	ZYA	81	1	185.907	184331	8847.1
Cifras Revisadas	2021	11	Exportación	8529100906	Kg	USA	19	7	252.239	2745128	134852.8
Cifras Revisadas	2021	11	Exportación	8529100999	Kg	USA	47	4	4	4	0.18
Cifras Revisadas	2021	11	Exportación	8529100999	Kg	USA	52	4	1	7637	366.11